{
    "accuracy": 0.5019404722810998,
    "macro_f1": 0.5009537157378404,
    "precision": 0.5010001065646483,
    "recall": 0.5010018375545247,
    "classification_report": {
        "Negative": {
            "precision": 0.4739503595453491,
            "recall": 0.4836739524974355,
            "f1-score": 0.4787627899711005,
            "support": 63365.0
        },
        "Positive": {
            "precision": 0.5280498535839476,
            "recall": 0.5183297226116138,
            "f1-score": 0.5231446415045803,
            "support": 70623.0
        },
        "accuracy": 0.5019404722810998,
        "macro avg": {
            "precision": 0.5010001065646483,
            "recall": 0.5010018375545247,
            "f1-score": 0.5009537157378404,
            "support": 133988.0
        },
        "weighted avg": {
            "precision": 0.5024653651241169,
            "recall": 0.5019404722810998,
            "f1-score": 0.5021557766628113,
            "support": 133988.0
        }
    }
}