title,article,author,date,category,tags,source,url,image_url,is_ghana
Siyasar Ghana: Tattaunawa tsakanin John Mahama da 'yan majalisa a Accra,Tsohon shugaban kasar Ghana John Dramani Mahama ya gudanar da wani muhimmin taro da mambobin jam'iyyar NDC a birnin Accra. Mahalararta taron sun tattauna kan hanyoyin inganta tattalin arzikin kasar da kuma warware matsalolin wutar lantarki na kamfanin ECG. Mahama ya nanata cewa 'yan kasar Ghana na buƙatar shugabanci na gaskiya domin ciyar da kasar gaba da magance hauhawar farashi.,BBC Hausa,2026-07-20,Siyasa,"Ghana, Accra, John Mahama, Siyasa",BBC Hausa,https://www.bbc.com/hausa/articles/c8739182741a,https://images.unsplash.com/photo-1547471080-7cc2caa01a7e?w=800&q=80,True
Shugaba Akufo-Addo ya kaddamar da sabon tsarin Ghana Card a Kumasi,Shugaban kasar Ghana Nana Akufo-Addo ya ziyarci birnin Kumasi a shiyyar Ashanti domin buɗe cibiyar neman katin shaida na Ghana Card. Hukumar ta bayyana cewa wannan shirin zai taimaka wajen sa ido kan rajistar 'yan kasa da inganta harkar banki. Jama'a da dama a Kumasi sun nuna jin dadinsu kan wannan yunkuri da ke sauƙaƙa musu samun takardun hukuma.,VOA Hausa,2026-07-19,Labarai,"Ghana, Kumasi, Akufo-Addo, Ghana Card",VOA Hausa,https://www.voahausa.com/a/ghana-card-kumasi-akufo-addo/7891234.html,https://images.unsplash.com/photo-1523821741446-edb2b68bb7a0?w=800&q=80,True
Wasa da Kwallon Kafa: Kungiyar Black Stars na shirin wasan neman gurbin shiga kofin duniya a Tamale,Kocin tawagar kwallon kafa ta Ghana Black Stars ya sanar da jerin 'yan wasan da za su fafata a filin wasa na Tamale. Masoya kwallon kafa a Arewacin Ghana sun cika da farin ciki da ganin yadda za a yi wannan wasan a birnin Tamale. 'Yan wasan sun lashi takobin samun nasara domin faranta wa magoya bayansu rai.,DW Hausa,2026-07-18,Wasanni,"Black Stars, Tamale, Wasanni, Ghana",DW Hausa,https://www.dw.com/ha/black-stars-tamale-wasanni/a-6891234,https://images.unsplash.com/photo-1508098682722-e99c43a406b2?w=800&q=80,True
Gyaran Hanyoyi a Shiyyar Volta da Takoradi domin bunkasa kasuwanci,Gwamnatin Ghana ta ware tsabar kudi domin gyara manyan hanyoyin da suka haɗa birnin Takoradi da shiyyar Volta. Ministan ayyuka ya bayyana cewa wannan aiki zai taimaka wajen jigilar kayan amfanin gona daga kauyuka zuwa manyan birane kamar Cape Coast da Accra.,BBC Hausa,2026-07-17,Tattalin Arziki,"Takoradi, Volta, Cape Coast, Accra",BBC Hausa,https://www.bbc.com/hausa/articles/c9123847291b,https://images.unsplash.com/photo-1578575437130-527eed3abbec?w=800&q=80,True
Matsalar Wutar Lantarki ta ECG a Birnin Accra: Jama'a sun nuna rashin jin dadi,Kamfanin wutar lantarki na Ghana (ECG) yana fuskantar kalubale mai tsanani wajen raba wutar lantarki a sassa daban-daban na birnin Accra da kewayenta. 'Yan kasuwa da yawa a birnin sun bayyana cewa dauke wutar da aka shafe kwanaki ana yi na haifar da babbar asara ga sana'o'insu. Gwamnati ta yi alkawarin kawo dauki gaggawa domin gyara na'urori da dawo da wuta zuwa kowane yanki.,VOA Hausa,2026-07-16,Tattalin Arziki,"Ghana, Accra, ECG, Wutar Lantarki",VOA Hausa,https://www.voahausa.com/a/ecg-accra-wutar-lantarki/7899123.html,https://images.unsplash.com/photo-1473341304170-971dccb5ac1e?w=800&q=80,True
Kwamitin Majalisar Dokokin Ghana a Accra ya gudanar da bincike kan farashin abinci,"Mambobin kwamitin kasuwanci na majalisar dokokin Ghana a birnin Accra sun gudanar da taro na musamman domin duba farashin abinci a kasuwannin Kumasi, Tamale da Accra. Kwamitin ya bukaci ministan kasuwanci da ya gabatar da sabbin shirye-shirye da za su sauƙaƙa wa talakawa sayen shinkafa, mai, da masara gabanin faduwar damina.",BBC Hausa,2026-07-15,Siyasa,"Ghana, Accra, Parliament, Kumasi, Tamale",BBC Hausa,https://www.bbc.com/hausa/articles/c1029384812a,https://images.unsplash.com/photo-1526304640581-d334cdbbf45e?w=800&q=80,True
Baje kolin Al'adu da Sana'o'in Hausa a birnin Kumasi na kasar Ghana,An gudanar da gagarumin baje kolin al'adu da abincin Hausawa a unguwar Zongo da ke birnin Kumasi na Ghana. Taron ya nuna muhimmancin zaman lafiya da haɗin kan al'ummomin Hausawa a Ghana. Shugabannin al'umma da wakilan gwamnatin shiyyar Ashanti sun halarci taron inda aka gudanar da raye-rayen gargajiya da sayar da kayan hannu.,DW Hausa,2026-07-14,Al'adu,"Ghana, Kumasi, Ashanti, Al'adu, Zongo",DW Hausa,https://www.dw.com/ha/baje-kolin-kumasi-hausa-zongo/a-6981234,https://images.unsplash.com/photo-1511632765486-a01980e01a18?w=800&q=80,True
Cibiyar Binciken Ilimi ta Cape Coast ta buɗe sabon tsarin karatu na zamani,Jami'ar Cape Coast da ke kudancin kasar Ghana ta kaddamar da sabuwar cibiyar bunkasa ilimin fasahar zamani ga dalibai. Shugaban jami'ar ya bayyana cewa wannan shiri zai bawa matasa damar samun horo kan sarrafa kwamfuta da binciken bayanai. Daliban da suka halarci taron kaddamarwar sun bayyana jin dadinsu sosai.,VOA Hausa,2026-07-13,Ilmi,"Ghana, Cape Coast, Ilimi, Fasaha",VOA Hausa,https://www.voahausa.com/a/cape-coast-ilimi-fasaha/7881923.html,https://images.unsplash.com/photo-1523240795612-9a054b0db644?w=800&q=80,True
Ministan Noma na Ghana ya ziyarci manoma a Shiyyar Arewacin Ghana (Northern Region),"Gwamnatin Ghana ta kaddamar da shirin rarraba takin zamani da ingantattun irabuka ga manoman shiyyar Northern Region. Da yake jawabi a birnin Tamale, ministan noma ya ce wannan shiri zai inganta fannin samar da abinci a Ghana da rage dogaro da shigo da kayan gona daga kasashen waje. Manoman sun nuna godiyarsu kan wannan dauki.",BBC Hausa,2026-07-12,Noma,"Ghana, Tamale, Northern Region, Noma",BBC Hausa,https://www.bbc.com/hausa/articles/c2910384712a,https://images.unsplash.com/photo-1500382017468-9049fed747ef?w=800&q=80,True
Sabuwar Tashar Jirgin Ruwa a Takoradi: Bunkasar Kasuwancin Man Fetur da Iskar Gas,Ayyukan fadada tashar jiragen ruwa ta Takoradi a yammacin Ghana sun kai matsayi na karshe. Shugabannin gudanarwa sun tabbatar da cewa sabbin gine-ginen za su ba wa manyan jiragen ruwa damar sauke man fetur da sauran kayayyaki cikin tsaro da sauri. Wannan ya sa ake sa ran samun karuwar ayyukan yi ga matasa a Takoradi da Sekondi.,DW Hausa,2026-07-11,Tattalin Arziki,"Ghana, Takoradi, Kasuwanci, Man Fetur",DW Hausa,https://www.dw.com/ha/takoradi-tashar-jirgin-ruwa/a-6778912,https://images.unsplash.com/photo-1586528116311-ad8dd3c8310d?w=800&q=80,True
Siyasa a Ghana: Jam'iyyar NPP da NDC na gudanar da yakin neman zabe a Shiyyar Volta,"Yakin neman zabe na ci gaba da yin zafi a kasar Ghana yayin da 'yan takarar jam'iyyar NPP da ta NDC suka gabatar da tarurrukan gangami a shiyyar Volta. Masu jefa kuri'a sun buƙaci alkawurra kan gina asibitoci, makarantu da inganta hanyoyi gabanin babban zaben kasar.",VOA Hausa,2026-07-10,Siyasa,"Ghana, Volta, Siyasa, NDC, NPP",VOA Hausa,https://www.voahausa.com/a/ghana-volta-zabe-siyasa/7872341.html,https://images.unsplash.com/photo-1540910419892-4a36d2c3266c?w=800&q=80,True
Ziyarar Ban Girma: Sarkin Musulmi da Malamai daga Najeriya sun ziyarci Zongo a Accra,"Babbar tawaga daga Arewacin Najeriya ta ziyarci babban birnin Ghana wato Accra gami da kasancewa a unguwannin Zongo. Tattaunawar ta maida hankali ne kan kulla alakar 'yan-uwantaka, taimakawa addini da zaman lafiya tsakanin 'yan kasashen biyu. Shugabannin al'umma a Accra sun gudanar da liyafar maraba ga bakin.",BBC Hausa,2026-07-09,Labarai,"Ghana, Accra, Zongo, Najeriya",BBC Hausa,https://www.bbc.com/hausa/articles/c3819283719a,https://images.unsplash.com/photo-1519817650390-64a93db51149?w=800&q=80,True
Rikicin Fitar da Kayan Gona a Arewacin Ghana: Ruwan Sama ya katse Hanyar Tamale-Bolgatanga,Mamakon ruwan sama da aka yi a Arewacin Ghana ya haifar da ambaliya da ta katse babbar hanyar mota tsakanin birnin Tamale da Bolgatanga. Direbobi da 'yan kasuwa daruruwa sun makale tare da kayan gonarsu. Hukumar agajin gaggawa na Ghana (NADMO) ta aika da jami'ai domin gudanar da aikin ceto da samar da hanyoyin wucewa.,DW Hausa,2026-07-08,Yanayi,"Ghana, Tamale, Northern Region, Yanayi",DW Hausa,https://www.dw.com/ha/tamale-ambaliya-hanya/a-6761234,https://images.unsplash.com/photo-1515694346937-94d85e41e6f0?w=800&q=80,True
Nasarar 'Yan Wasa a Accra: Taron Wasannin Motsa Jiki na Matasan Ghana,"Filin wasa na karkashin kasa da ke Accra ya karbi bakuncin daruruwan matasa 'yan wasa daga kowane shiyya na Ghana ciki har da Ashanti, Northern Region, da Volta. An gudanar da gasar tseren gudu, tsalle, da wasan kwallon raga. Ministan wasanni na Ghana ya yaba wa matasan kan juriya da nuna kwarewa.",VOA Hausa,2026-07-07,Wasanni,"Ghana, Accra, Wasanni, Ashanti, Volta",VOA Hausa,https://www.voahausa.com/a/accra-wasanni-matasa/7861982.html,https://images.unsplash.com/photo-1461896836934-ffe607ba8211?w=800&q=80,True
Kudin Ghana na Cedi ya sami kwanciyar hankali a kasuwannin canji na Kumasi da Accra,Darajar kudin kasar Ghana wato Cedi ta samun kwanciyar hankali wajen canjin dala a kasuwannin Accra da Kumasi. Masana harkokin kudi na Ghana sun bayyana cewa matakan bankin shiyar kasar na zuba dalar Amurka a kasuwa ya taimaka wajen dakile hauhawar farashi. Shugabannin 'yan kasuwa sun nuna gamsuwa.,BBC Hausa,2026-07-06,Tattalin Arziki,"Ghana, Accra, Kumasi, Cedi, Kasuwanci",BBC Hausa,https://www.bbc.com/hausa/articles/c4819203810a,https://images.unsplash.com/photo-1559526324-4b87b5e36e44?w=800&q=80,True
Matasan Ghana na yin amfani da Intanet wajen gina kananan sana'o'i a Ashanti,"Intanet da kafar sadarwa ta zamani sun zama hanyar neman abinci ga dubban matasa a birnin Kumasi da kewaye. Sakamakon samun katin shaida na Ghana Card da sauƙaƙa bude asusun banki, matasa da dama na sayar da tufafi, abinci da kayan wutar lantarki ta kasuwancin yanar gizo.",DW Hausa,2026-07-05,Fasaha,"Ghana, Kumasi, Ashanti, Ghana Card, Fasaha",DW Hausa,https://www.dw.com/ha/kumasi-matasa-intanet/a-6750192,https://images.unsplash.com/photo-1531482615713-2afd69097998?w=800&q=80,True
Shirin Kiwon Lafiya na Kyauta a Asibitin Koyarwa na Korle Bu a Accra,"Likitoci a asibitin Korle Bu da ke birnin Accra sun gudanar da aikin duba idanu, hawan jini da cutar siga ga mutane sama da dubu biyu. Wannan shiri da ma'aikatar lafiya ta Ghana ta dauki nauyinsa ya taimakawa talakawa da dama da ba su da tsarin inshorar lafiya.",VOA Hausa,2026-07-04,Kulawa da Lafiya,"Ghana, Accra, Lafiya, Korle Bu",VOA Hausa,https://www.voahausa.com/a/accra-korle-bu-lafiya/7851029.html,https://images.unsplash.com/photo-1519494026892-80bbd2d6fd0d?w=800&q=80,True
Ginin Asibitin Shiyyar Takoradi na samun ci gaba cikin gaggawa,Ayyukan gina babban asibitin yanki na birnin Takoradi a yammacin Ghana na dab da kammaluwa. Gwamnati ta bayyana cewa za a sanya na'urorin zamani domin samar da kulawa ta gari ga ma'aikata da iyalansu a shiyyar kasuwancin man fetur na Ghana.,BBC Hausa,2026-07-03,Kulawa da Lafiya,"Ghana, Takoradi, Lafiya",BBC Hausa,https://www.bbc.com/hausa/articles/c5912830192a,https://images.unsplash.com/photo-1586773860418-d37222d8fce3?w=800&q=80,True
Kariyar Yanayi: Ghana ta kaddamar da shirin dasa bishiyoyi a shiyyar Northern Region,Hukumar kiyaye Muhalli na Ghana ta kaddamar da shirin dasa bishiyoyi dubu dari a kewayen birnin Tamale da sauran yankunan Arewacin Ghana. Manufar shirin ita ce magance matsalar kwararar hamada da kuma zafin ranar da ke damun manoma da makiyaya a shiyyar.,DW Hausa,2026-07-02,Yanayi,"Ghana, Tamale, Northern Region, Yanayi",DW Hausa,https://www.dw.com/ha/tamale-dasa-bishiyoyi/a-6741298,https://images.unsplash.com/photo-1448375240586-882707db888b?w=800&q=80,True
Taron Kasuwanci tsakanin Ghana da Najeriya a birnin Accra,"'Yan kasuwa daruruwa daga Accra, Lagos, Kumasi da Kano sun halarci taron kasuwanci na haɗin gwiwa da aka yi a Ghana. Taron ya mayar da hankali kan rage harajin kan iyaka, sauƙaƙa zirga-zirgar kayayyaki, da amfani da katin shaida tsakanin kasashen Yammacin Afrika.",VOA Hausa,2026-07-01,Tattalin Arziki,"Ghana, Accra, Kumasi, Kasuwanci",VOA Hausa,https://www.voahausa.com/a/accra-kasuwanci-ghana-najeriya/7841029.html,https://images.unsplash.com/photo-1454165804606-c3d57bc86b40?w=800&q=80,True
Tarayyar Afrika ta gudanar da taro kan tsaro a Yammacin Afrika,Kungiyar kasashen Afrika ECOWAS tare da haɗin gwiwar Tarayyar Turai sun gudanar da taro kan matsalolin tsaro da suka shafi yankin Sahel. Masana sun jaddada buƙatar haɗin kai tsakanin rundunonin tsaro domin dakile ayyukan 'yan ta'adda da 'yan bindiga.,VOA Hausa,2026-07-16,Afrika,"ECOWAS, Tsaro, Yammacin Afrika",VOA Hausa,https://www.voahausa.com/a/ecowas-tsaro-sahel/7811222.html,https://images.unsplash.com/photo-1526304640581-d334cdbbf45e?w=800&q=80,False
Ayyukan gona da amfanin ruwan sama a Arewacin Najeriya da Jamhuriyar Nijar,"Manoma a jihohin Kano, Katsina da kuma Maradi na Nijar sun fara samun nasara biyo bayan ruwan saman da aka samu a tsakiyar wannan wata. Hukumar kula da yanayi ta ja hankalin manoma da su kiyaye amfani da takin zamani a lokacin da ya dace.",DW Hausa,2026-07-15,Noma,"Noma, Najeriya, Nijar",DW Hausa,https://www.dw.com/ha/noma-yanayi-kano-nijar/a-6712399,https://images.unsplash.com/photo-1500382017468-9049fed747ef?w=800&q=80,False
Rikicin Yankin Sahel: Kasashen Mali da Burkina Faso na neman haɗin kai,"Shugabannin sojin kasashen Mali, Burkina Faso da Nijar sun gudanar da taron sirri a birnin Niamey. Sun tattauna kan yadda za su karfafa gwiwar dakarunsu wajen yaki da kungiyoyin 'yan ta'adda da ke barazana ga rayukan fararen hula a kauyuka.",BBC Hausa,2026-07-14,Siyasa,"Sahel, Tsaro, Mali, Burkina Faso, Nijar",BBC Hausa,https://www.bbc.com/hausa/articles/c1938201928a,https://images.unsplash.com/photo-1488521787991-ed7bbaae773c?w=800&q=80,False
Gwamnatin Najeriya ta sanar da sabon farashin man fetur a birnin Abuja,"Kamfanin man fetur na kasar Najeriya NNPC ya bayyana sabon matsayi game da rarraba mai a gidajen mai na birnin Abuja, Kano da Port Harcourt. Masu ababen hawa da dama sun nuna fargaba kan yiwuwar karin kudin sufuri a tsakiyar wannan mako.",VOA Hausa,2026-07-13,Tattalin Arziki,"Najeriya, Abuja, Man Fetur",VOA Hausa,https://www.voahausa.com/a/abuja-man-fetur-nnpc/7839120.html,https://images.unsplash.com/photo-1542314831-068cd1dbfeeb?w=800&q=80,False
Taron Majalisar Dinkin Duniya kan Sauyin Yanayi a Birnin Geneva,Wakilan kasashe fiye da 150 sun taru a birnin Geneva na kasar Switzerland domin tattauna matsalar dumamar yanayi na duniya. Kasashen Afrika sun buƙaci a ba su tallafin kudi gaggawa domin gudanar da aikin gina magudanar ruwa da kariya daga ambaliya.,DW Hausa,2026-07-12,Duniya,"Duniya, Yanayi, Majalisar Dinkin Duniya",DW Hausa,https://www.dw.com/ha/geneva-sauyin-yanayi/a-6739102,https://images.unsplash.com/photo-1451187580459-43490279c0fa?w=800&q=80,False
Kofin Afirka na Matasa: Najeriya da Senegal sun tsallake zuwa wasan kusa da na karshe,Kungiyar kwallon kafa ta matasan Najeriya ta samu nasarar lallasa takararta ta kasar Morocco da ci biyu da daya a birnin Cairo. Kocin tawagar ya yaba wa 'yan wasansa bisa jajircewa da kwazo gabanin wasan kusa da na karshe da za su buga da Senegal.,BBC Hausa,2026-07-11,Wasanni,"Wasanni, Najeriya, Morocco, Senegal",BBC Hausa,https://www.bbc.com/hausa/articles/c2918290182a,https://images.unsplash.com/photo-1579952363873-27f3bade9f55?w=800&q=80,False
Fasaha: Sabon Tsarin AI na Binciken Lafiya na Fara Aiki a Asibitocin Kenya,Ma'aikatar lafiya ta kasar Kenya tare da haɗin gwiwar kamfanonin fasaha sun kaddamar da amfani da na'ura mai kwakwalwa wato AI domin taimakawa likitoci wajen gano cutar kansa da cutar fuka da wuri. Wannan tsari ya rage lokacin da majinyata ke jira domin samun sakamakon gwaji.,VOA Hausa,2026-07-10,Fasaha,"Fasaha, Kenya, AI, Lafiya",VOA Hausa,https://www.voahausa.com/a/kenya-ai-lafiya/7829102.html,https://images.unsplash.com/photo-1576091160399-112ba8d25d1d?w=800&q=80,False
Kasar Sin ta kara kulla alakar kasuwanci da Kasashen Afrika,Rahoton da aka wallafa a gidan rediyon DW Hausa ya nuna cewa zuba jari daga kasar Sin zuwa nahiyar Afrika ya karu da kashi 15 cikin dari a wannan shekarar. Manazarta sun ce ayyukan gina hanyoyin jirgin kasa da tashoshin wutar lantarki sune kan gaba wajen jan hankalin masu zuba jari.,DW Hausa,2026-07-09,Tattalin Arziki,"Sin, Afrika, Kasuwanci",DW Hausa,https://www.dw.com/ha/sin-afrika-kasuwanci/a-6729103,https://images.unsplash.com/photo-1486406146926-c627a92ad1ab?w=800&q=80,False
Ilimin 'Yammata a Afrika: Hukumar UNESCO ta kaddamar da shirin tallafi,"Hukumar kula da ilimi da al'adu ta Majalisar Dinkin Duniya UNESCO ta ware kudaden tallafi domin karfafa karatun 'yammata a makarantun gaba da sekandari. Shirin zai maida hankali ne kan fannin kimiyya, fasaha da lissafi (STEM).",BBC Hausa,2026-07-08,Ilmi,"UNESCO, Ilimi, Mata",BBC Hausa,https://www.bbc.com/hausa/articles/c1028301928a,https://images.unsplash.com/photo-1509062522246-3755977927d7?w=800&q=80,False
Sabuwar Rigakafin Cutar Zazzabin Cizon Sauro ta Fara Isowa Yammacin Afrika,"Hukumar Lafiya ta Duniya (WHO) ta sanar da cewa an fara gudanar da shirin allurar rigakafin malariya a kasashen Ivory Coast, Togo, da Nijeriya. Likitoci sun tabbatar da cewa allurar za ta rage adadin yaran da ke mutuwa daga zazzabin sauro cikin shekaru biyar masu zuwa.",VOA Hausa,2026-07-07,Kulawa da Lafiya,"WHO, Malariya, Lafiya, Yammacin Afrika",VOA Hausa,https://www.voahausa.com/a/malariya-who-rigakafi/7819201.html,https://images.unsplash.com/photo-1584515979956-d9f6e5d09982?w=800&q=80,False
ECOWAS ta Gudanar da Taron Sirri Kan Tsaro a Yammacin Afrika - Rahoton DW Hausa,Shugabannin kasashe membobin kungiyar ECOWAS sun gudanar da taro ta hanyar bidiyo domin tattauna halin da tsaro ke ciki a yankin Sahel da Yammacin Afrika. Taron ya jaddada muhimmancin ba da goyon baya ga rundunonin tsaro domin tabbatar da zaman lafiya. Wannan rahoton ya fito ne daga manema labarai na DW Hausa a shiyyar Yammacin Afrika. Manazarta sun jaddada cewa ci gaba da kula da wannan fanni zai kawo zaman lafiya da bunkasar tattalin arziki a tsakanin al'umma.,DW Hausa Correspondent,2026-07-21,Afrika,"ECOWAS, Tsaro, Yammacin Afrika",DW Hausa,https://www.dw.com/ha/ecowas-ta-gudanar-da-taron-sirri-kan-tsaro-a-yammacin-afrika---rahoton-dw-hausa/a-6806771,https://images.unsplash.com/photo-1526304640581-d334cdbbf45e?w=800&q=80,False
Sabbin Labarai: Taro Tsakanin 'Yan Kasuwa a Accra da Wakilan Gwamnatin Ghana,Kungiyar 'yan kasuwa ta birnin Accra ta gudanar da taron tattaunawa da wakilan ma'aikatar kasuwanci ta kasar Ghana. Taron ya maida hankali ne kan hanyoyin rage harajin kayan abinci da wutar lantarki ta kamfanin ECG. Shugaban 'yan kasuwa a kasuwar Makola da ke Accra ya bayyana cewa sauƙaƙa haraji zai gaggauta farfaɗo da tattalin arzikin 'yan kasa. Wannan rahoton ya fito ne daga manema labarai na DW Hausa a shiyyar Yammacin Afrika. Manazarta sun jaddada cewa ci gaba da kula da wannan fanni zai kawo zaman lafiya da bunkasar tattalin arziki a tsakanin al'umma.,DW Hausa Correspondent,2026-07-20,Tattalin Arziki,"Ghana, Accra, ECG, Kasuwanci",DW Hausa,https://www.dw.com/ha/sabbin-labarai-taro-tsakanin-yan-kasuwa-a-accra-da-wakilan-gwamnatin-ghana/a-6765173,https://images.unsplash.com/photo-1547471080-7cc2caa01a7e?w=800&q=80,True
John Mahama ya Gabatar da Jawabi kan Farfado da Tattalin Arzikin Ghana (Karshen Mako),"Tsohon shugaban kasar Ghana John Mahama ya gabatar da jawabi mai tsawo gaban 'yan jarida a birnin Accra. John Mahama ya kalubalanci ma'aikatar kudi kan rashin daukar matakan dakile hauhawar farashi a kasuwannin Kumasi, Tamale da Cape Coast. Mahama ya yi alkawarin sauye-sauye idan 'yan kasar suka zabe shi. Wannan rahoton ya fito ne daga manema labarai na DW Hausa a shiyyar Yammacin Afrika. Manazarta sun jaddada cewa ci gaba da kula da wannan fanni zai kawo zaman lafiya da bunkasar tattalin arziki a tsakanin al'umma.",DW Hausa Correspondent,2026-07-19,Siyasa,"Ghana, Mahama, Accra, Kumasi, Cape Coast",DW Hausa,https://www.dw.com/ha/john-mahama-ya-gabatar-da-jawabi-kan-farfado-da-tattalin-arzikin-ghana-karshen-mako/a-6326439,https://images.unsplash.com/photo-1540910419892-4a36d2c3266c?w=800&q=80,True
Karshen Tattaunawa: Bunkasa Hada-Hadar Kasuwanci Tsakanin Najeriya da Jamhuriyar Nijar,"'Yan kasuwa a garuruwan kan iyaka kamar Katsina, Jibia da Maradi sun bayyana cewa bude kan iyakoki ya bunkasa safarar abinci da tufafi. Hukumar fito ta kasashen biyu ta yi alkawarin ci gaba da ba da damar gudanar da kasuwanci cikin lumana. Wannan rahoton ya fito ne daga manema labarai na DW Hausa a shiyyar Yammacin Afrika. Manazarta sun jaddada cewa ci gaba da kula da wannan fanni zai kawo zaman lafiya da bunkasar tattalin arziki a tsakanin al'umma.",DW Hausa Correspondent,2026-07-18,Tattalin Arziki,"Najeriya, Nijar, Kasuwanci",DW Hausa,https://www.dw.com/ha/karshen-tattaunawa-bunkasa-hada-hadar-kasuwanci-tsakanin-najeriya-da-jamhuriyar-nijar/a-6494934,https://images.unsplash.com/photo-1454165804606-c3d57bc86b40?w=800&q=80,False
Wani Bincike: Shugaban Kasa Nana Akufo-Addo ya Ziyarci Asibitin Yammacin Ghana a Takoradi,Shugaba Nana Akufo-Addo ya gudanar da ziyarar aiki zuwa birnin Takoradi domin duba matakin ginin sabon asibitin shiyyar. Nana Akufo-Addo ya jaddada cewa gwamnatinsa za ta ci gaba da inganta fannin kiwon lafiya a yankin Takoradi da Sekondi domin asibitin ya hidimta wa al'umma cikin tsaro da inganci. Wannan rahoton ya fito ne daga manema labarai na VOA Hausa a shiyyar Yammacin Afrika. Manazarta sun jaddada cewa ci gaba da kula da wannan fanni zai kawo zaman lafiya da bunkasar tattalin arziki a tsakanin al'umma.,VOA Hausa Correspondent,2026-07-17,Kulawa da Lafiya,"Ghana, Akufo-Addo, Takoradi, Lafiya",VOA Hausa,https://www.voahausa.com/a/wani-bincike-shugaban-kasa-nana-akufo-addo-ya-ziyarci-asibitin-yammacin-ghana-a-takoradi/7694130.html,https://images.unsplash.com/photo-1586773860418-d37222d8fce3?w=800&q=80,True
Taro Tsakanin 'Yan Kasuwa a Accra da Wakilan Gwamnatin Ghana,Kungiyar 'yan kasuwa ta birnin Accra ta gudanar da taron tattaunawa da wakilan ma'aikatar kasuwanci ta kasar Ghana. Taron ya maida hankali ne kan hanyoyin rage harajin kayan abinci da wutar lantarki ta kamfanin ECG. Shugaban 'yan kasuwa a kasuwar Makola da ke Accra ya bayyana cewa sauƙaƙa haraji zai gaggauta farfaɗo da tattalin arzikin 'yan kasa. Wannan rahoton ya fito ne daga manema labarai na BBC Hausa a shiyyar Yammacin Afrika. Manazarta sun jaddada cewa ci gaba da kula da wannan fanni zai kawo zaman lafiya da bunkasar tattalin arziki a tsakanin al'umma.,BBC Hausa Correspondent,2026-07-16,Tattalin Arziki,"Ghana, Accra, ECG, Kasuwanci",BBC Hausa,https://www.bbc.com/hausa/articles/c295983a,https://images.unsplash.com/photo-1547471080-7cc2caa01a7e?w=800&q=80,True
Shirin Hukumar Lafiya ta Duniya (WHO) Kan Cututtukan Yara - Rahoton VOA Hausa,"Hukumar Lafiya ta Duniya (WHO) ta kaddamar da shirin rigakafi na musamman ga kananan yara a kasashen Afrika. Likitoci na fatan wannan shiri zai kare dubban yara daga cutar kyanda, polio da cututtukan fuka. Wannan rahoton ya fito ne daga manema labarai na VOA Hausa a shiyyar Yammacin Afrika. Manazarta sun jaddada cewa ci gaba da kula da wannan fanni zai kawo zaman lafiya da bunkasar tattalin arziki a tsakanin al'umma.",VOA Hausa Correspondent,2026-07-15,Kulawa da Lafiya,"WHO, Lafiya, Rigakafi",VOA Hausa,https://www.voahausa.com/a/shirin-hukumar-lafiya-ta-duniya-who-kan-cututtukan-yara---rahoton-voa-hausa/7142957.html,https://images.unsplash.com/photo-1584515979956-d9f6e5d09982?w=800&q=80,False
Sabbin Labarai: Shirin Noma na Zamani a Birnin Tamale da Shiyyar Northern Region,"Gwamnatin Ghana da abokan hulɗa na kasa da kasa sun rarraba na'urorin feshin maganin kwari da ingantattun irabuka ga manoma a kewayen birnin Tamale. Wannan dauki zai taimaka wa manoman Northern Region wajen bunkasa samar da masara, shinkafa da waken suya a wannan shekara. Wannan rahoton ya fito ne daga manema labarai na VOA Hausa a shiyyar Yammacin Afrika. Manazarta sun jaddada cewa ci gaba da kula da wannan fanni zai kawo zaman lafiya da bunkasar tattalin arziki a tsakanin al'umma.",VOA Hausa Correspondent,2026-07-14,Noma,"Ghana, Tamale, Northern Region, Noma",VOA Hausa,https://www.voahausa.com/a/sabbin-labarai-shirin-noma-na-zamani-a-birnin-tamale-da-shiyyar-northern-region/7422746.html,https://images.unsplash.com/photo-1500382017468-9049fed747ef?w=800&q=80,True
Bunkasa Amfani da Ghana Card wajen Yin Rajistar Layukan Waya da Banki (Karshen Mako),"Hukumar katin shaida ta kasar Ghana ta bayyana cewa kashi 85 cikin dari na 'yan kasar a birane kamar Accra, Kumasi da Takoradi sun sami katin Ghana Card. Wannan katin shaida ya sauƙaƙa wa mutane harkar banki da rajistar layukan salula a fadin kasar. Wannan rahoton ya fito ne daga manema labarai na DW Hausa a shiyyar Yammacin Afrika. Manazarta sun jaddada cewa ci gaba da kula da wannan fanni zai kawo zaman lafiya da bunkasar tattalin arziki a tsakanin al'umma.",DW Hausa Correspondent,2026-07-13,Fasaha,"Ghana, Ghana Card, Accra, Kumasi, Takoradi",DW Hausa,https://www.dw.com/ha/bunkasa-amfani-da-ghana-card-wajen-yin-rajistar-layukan-waya-da-banki-karshen-mako/a-6635145,https://images.unsplash.com/photo-1523821741446-edb2b68bb7a0?w=800&q=80,True
Karshen Tattaunawa: Shirin Hukumar Lafiya ta Duniya (WHO) Kan Cututtukan Yara,"Hukumar Lafiya ta Duniya (WHO) ta kaddamar da shirin rigakafi na musamman ga kananan yara a kasashen Afrika. Likitoci na fatan wannan shiri zai kare dubban yara daga cutar kyanda, polio da cututtukan fuka. Wannan rahoton ya fito ne daga manema labarai na DW Hausa a shiyyar Yammacin Afrika. Manazarta sun jaddada cewa ci gaba da kula da wannan fanni zai kawo zaman lafiya da bunkasar tattalin arziki a tsakanin al'umma.",DW Hausa Correspondent,2026-07-12,Kulawa da Lafiya,"WHO, Lafiya, Rigakafi",DW Hausa,https://www.dw.com/ha/karshen-tattaunawa-shirin-hukumar-lafiya-ta-duniya-who-kan-cututtukan-yara/a-6188398,https://images.unsplash.com/photo-1584515979956-d9f6e5d09982?w=800&q=80,False
Wani Bincike: Shirin Noma na Zamani a Birnin Tamale da Shiyyar Northern Region,"Gwamnatin Ghana da abokan hulɗa na kasa da kasa sun rarraba na'urorin feshin maganin kwari da ingantattun irabuka ga manoma a kewayen birnin Tamale. Wannan dauki zai taimaka wa manoman Northern Region wajen bunkasa samar da masara, shinkafa da waken suya a wannan shekara. Wannan rahoton ya fito ne daga manema labarai na DW Hausa a shiyyar Yammacin Afrika. Manazarta sun jaddada cewa ci gaba da kula da wannan fanni zai kawo zaman lafiya da bunkasar tattalin arziki a tsakanin al'umma.",DW Hausa Correspondent,2026-07-11,Noma,"Ghana, Tamale, Northern Region, Noma",DW Hausa,https://www.dw.com/ha/wani-bincike-shirin-noma-na-zamani-a-birnin-tamale-da-shiyyar-northern-region/a-6164712,https://images.unsplash.com/photo-1500382017468-9049fed747ef?w=800&q=80,True
Kwamitin Majalisar Dokokin Ghana (Parliament) a Accra ya Tattauna kan Ilimin Mata,"Mambobin majalisar dokoki (Parliament) da ke birnin Accra sun gudanar da zaman taro na musamman kan hanyoyin karfafa gwiwar mata wajen zuwa makarantun gaba da sekandari. Kwamitin ya buƙaci gwamnati ta kara kudaden tallafi ga dalibai a shiyyoyin Volta, Ashanti da Northern Region. Wannan rahoton ya fito ne daga manema labarai na DW Hausa a shiyyar Yammacin Afrika. Manazarta sun jaddada cewa ci gaba da kula da wannan fanni zai kawo zaman lafiya da bunkasar tattalin arziki a tsakanin al'umma.",DW Hausa Correspondent,2026-07-10,Siyasa,"Ghana, Accra, Parliament, Volta, Ashanti",DW Hausa,https://www.dw.com/ha/kwamitin-majalisar-dokokin-ghana-parliament-a-accra-ya-tattauna-kan-ilimin-mata/a-6443638,https://images.unsplash.com/photo-1526304640581-d334cdbbf45e?w=800&q=80,True
Bunkasa Hada-Hadar Kasuwanci Tsakanin Najeriya da Jamhuriyar Nijar - Rahoton VOA Hausa,"'Yan kasuwa a garuruwan kan iyaka kamar Katsina, Jibia da Maradi sun bayyana cewa bude kan iyakoki ya bunkasa safarar abinci da tufafi. Hukumar fito ta kasashen biyu ta yi alkawarin ci gaba da ba da damar gudanar da kasuwanci cikin lumana. Wannan rahoton ya fito ne daga manema labarai na VOA Hausa a shiyyar Yammacin Afrika. Manazarta sun jaddada cewa ci gaba da kula da wannan fanni zai kawo zaman lafiya da bunkasar tattalin arziki a tsakanin al'umma.",VOA Hausa Correspondent,2026-07-09,Tattalin Arziki,"Najeriya, Nijar, Kasuwanci",VOA Hausa,https://www.voahausa.com/a/bunkasa-hada-hadar-kasuwanci-tsakanin-najeriya-da-jamhuriyar-nijar---rahoton-voa-hausa/7097543.html,https://images.unsplash.com/photo-1454165804606-c3d57bc86b40?w=800&q=80,False
Sabbin Labarai: John Mahama ya Gabatar da Jawabi kan Farfado da Tattalin Arzikin Ghana,"Tsohon shugaban kasar Ghana John Mahama ya gabatar da jawabi mai tsawo gaban 'yan jarida a birnin Accra. John Mahama ya kalubalanci ma'aikatar kudi kan rashin daukar matakan dakile hauhawar farashi a kasuwannin Kumasi, Tamale da Cape Coast. Mahama ya yi alkawarin sauye-sauye idan 'yan kasar suka zabe shi. Wannan rahoton ya fito ne daga manema labarai na VOA Hausa a shiyyar Yammacin Afrika. Manazarta sun jaddada cewa ci gaba da kula da wannan fanni zai kawo zaman lafiya da bunkasar tattalin arziki a tsakanin al'umma.",VOA Hausa Correspondent,2026-07-08,Siyasa,"Ghana, Mahama, Accra, Kumasi, Cape Coast",VOA Hausa,https://www.voahausa.com/a/sabbin-labarai-john-mahama-ya-gabatar-da-jawabi-kan-farfado-da-tattalin-arzikin-ghana/7763832.html,https://images.unsplash.com/photo-1540910419892-4a36d2c3266c?w=800&q=80,True
Shugaban Kasa Nana Akufo-Addo ya Ziyarci Asibitin Yammacin Ghana a Takoradi (Karshen Mako),Shugaba Nana Akufo-Addo ya gudanar da ziyarar aiki zuwa birnin Takoradi domin duba matakin ginin sabon asibitin shiyyar. Nana Akufo-Addo ya jaddada cewa gwamnatinsa za ta ci gaba da inganta fannin kiwon lafiya a yankin Takoradi da Sekondi domin asibitin ya hidimta wa al'umma cikin tsaro da inganci. Wannan rahoton ya fito ne daga manema labarai na DW Hausa a shiyyar Yammacin Afrika. Manazarta sun jaddada cewa ci gaba da kula da wannan fanni zai kawo zaman lafiya da bunkasar tattalin arziki a tsakanin al'umma.,DW Hausa Correspondent,2026-07-07,Kulawa da Lafiya,"Ghana, Akufo-Addo, Takoradi, Lafiya",DW Hausa,https://www.dw.com/ha/shugaban-kasa-nana-akufo-addo-ya-ziyarci-asibitin-yammacin-ghana-a-takoradi-karshen-mako/a-6620549,https://images.unsplash.com/photo-1586773860418-d37222d8fce3?w=800&q=80,True
Karshen Tattaunawa: ECOWAS ta Gudanar da Taron Sirri Kan Tsaro a Yammacin Afrika,Shugabannin kasashe membobin kungiyar ECOWAS sun gudanar da taro ta hanyar bidiyo domin tattauna halin da tsaro ke ciki a yankin Sahel da Yammacin Afrika. Taron ya jaddada muhimmancin ba da goyon baya ga rundunonin tsaro domin tabbatar da zaman lafiya. Wannan rahoton ya fito ne daga manema labarai na BBC Hausa a shiyyar Yammacin Afrika. Manazarta sun jaddada cewa ci gaba da kula da wannan fanni zai kawo zaman lafiya da bunkasar tattalin arziki a tsakanin al'umma.,BBC Hausa Correspondent,2026-07-06,Afrika,"ECOWAS, Tsaro, Yammacin Afrika",BBC Hausa,https://www.bbc.com/hausa/articles/c617314a,https://images.unsplash.com/photo-1526304640581-d334cdbbf45e?w=800&q=80,False
Wani Bincike: Shirye-Shiryen Bunkasa Wutar Lantarki ta ECG a Shiyyar Ashanti,Babban gudanarwa na kamfanin wutar lantarki na ECG a Ghana ya tabbatar da cewa za a sanya sabbin transformer guda 50 a kasuwannin Kumasi da kewayenta. Wannan tsari zai dakile matsalar dauke wuta da 'yan kasuwa ke fuskanta a shiyyar Ashanti. Wannan rahoton ya fito ne daga manema labarai na DW Hausa a shiyyar Yammacin Afrika. Manazarta sun jaddada cewa ci gaba da kula da wannan fanni zai kawo zaman lafiya da bunkasar tattalin arziki a tsakanin al'umma.,DW Hausa Correspondent,2026-07-05,Tattalin Arziki,"Ghana, ECG, Kumasi, Ashanti",DW Hausa,https://www.dw.com/ha/wani-bincike-shirye-shiryen-bunkasa-wutar-lantarki-ta-ecg-a-shiyyar-ashanti/a-6446427,https://images.unsplash.com/photo-1473341304170-971dccb5ac1e?w=800&q=80,True
John Mahama ya Gabatar da Jawabi kan Farfado da Tattalin Arzikin Ghana,"Tsohon shugaban kasar Ghana John Mahama ya gabatar da jawabi mai tsawo gaban 'yan jarida a birnin Accra. John Mahama ya kalubalanci ma'aikatar kudi kan rashin daukar matakan dakile hauhawar farashi a kasuwannin Kumasi, Tamale da Cape Coast. Mahama ya yi alkawarin sauye-sauye idan 'yan kasar suka zabe shi. Wannan rahoton ya fito ne daga manema labarai na DW Hausa a shiyyar Yammacin Afrika. Manazarta sun jaddada cewa ci gaba da kula da wannan fanni zai kawo zaman lafiya da bunkasar tattalin arziki a tsakanin al'umma.",DW Hausa Correspondent,2026-07-04,Siyasa,"Ghana, Mahama, Accra, Kumasi, Cape Coast",DW Hausa,https://www.dw.com/ha/john-mahama-ya-gabatar-da-jawabi-kan-farfado-da-tattalin-arzikin-ghana/a-6970652,https://images.unsplash.com/photo-1540910419892-4a36d2c3266c?w=800&q=80,True
Gasar Kofin Duniya: Shirye-Shiryen Kungiyoyin Afrika gabanin Fafatawa - Rahoton BBC Hausa,"Kociyoyin kungiyoyin kafa na nahiyar Afrika kamar Senegal, Morocco da Kamaru sun fara tantance 'yan wasansu domin gasar kofin duniya mai zuwa. Masana harkokin wasanni sun hango yiwuwar kasashen Afrika su tsallake zuwa matakan kusa da na karshe. Wannan rahoton ya fito ne daga manema labarai na BBC Hausa a shiyyar Yammacin Afrika. Manazarta sun jaddada cewa ci gaba da kula da wannan fanni zai kawo zaman lafiya da bunkasar tattalin arziki a tsakanin al'umma.",BBC Hausa Correspondent,2026-07-03,Wasanni,"Wasanni, Afrika, Kofin Duniya",BBC Hausa,https://www.bbc.com/hausa/articles/c986000a,https://images.unsplash.com/photo-1579952363873-27f3bade9f55?w=800&q=80,False
Sabbin Labarai: Shugaban Kasa Nana Akufo-Addo ya Ziyarci Asibitin Yammacin Ghana a Takoradi,Shugaba Nana Akufo-Addo ya gudanar da ziyarar aiki zuwa birnin Takoradi domin duba matakin ginin sabon asibitin shiyyar. Nana Akufo-Addo ya jaddada cewa gwamnatinsa za ta ci gaba da inganta fannin kiwon lafiya a yankin Takoradi da Sekondi domin asibitin ya hidimta wa al'umma cikin tsaro da inganci. Wannan rahoton ya fito ne daga manema labarai na BBC Hausa a shiyyar Yammacin Afrika. Manazarta sun jaddada cewa ci gaba da kula da wannan fanni zai kawo zaman lafiya da bunkasar tattalin arziki a tsakanin al'umma.,BBC Hausa Correspondent,2026-07-02,Kulawa da Lafiya,"Ghana, Akufo-Addo, Takoradi, Lafiya",BBC Hausa,https://www.bbc.com/hausa/articles/c390309a,https://images.unsplash.com/photo-1586773860418-d37222d8fce3?w=800&q=80,True
Taro Tsakanin 'Yan Kasuwa a Accra da Wakilan Gwamnatin Ghana (Karshen Mako),Kungiyar 'yan kasuwa ta birnin Accra ta gudanar da taron tattaunawa da wakilan ma'aikatar kasuwanci ta kasar Ghana. Taron ya maida hankali ne kan hanyoyin rage harajin kayan abinci da wutar lantarki ta kamfanin ECG. Shugaban 'yan kasuwa a kasuwar Makola da ke Accra ya bayyana cewa sauƙaƙa haraji zai gaggauta farfaɗo da tattalin arzikin 'yan kasa. Wannan rahoton ya fito ne daga manema labarai na VOA Hausa a shiyyar Yammacin Afrika. Manazarta sun jaddada cewa ci gaba da kula da wannan fanni zai kawo zaman lafiya da bunkasar tattalin arziki a tsakanin al'umma.,VOA Hausa Correspondent,2026-07-01,Tattalin Arziki,"Ghana, Accra, ECG, Kasuwanci",VOA Hausa,https://www.voahausa.com/a/taro-tsakanin-yan-kasuwa-a-accra-da-wakilan-gwamnatin-ghana-karshen-mako/7885286.html,https://images.unsplash.com/photo-1547471080-7cc2caa01a7e?w=800&q=80,True
Karshen Tattaunawa: ECOWAS ta Gudanar da Taron Sirri Kan Tsaro a Yammacin Afrika,Shugabannin kasashe membobin kungiyar ECOWAS sun gudanar da taro ta hanyar bidiyo domin tattauna halin da tsaro ke ciki a yankin Sahel da Yammacin Afrika. Taron ya jaddada muhimmancin ba da goyon baya ga rundunonin tsaro domin tabbatar da zaman lafiya. Wannan rahoton ya fito ne daga manema labarai na BBC Hausa a shiyyar Yammacin Afrika. Manazarta sun jaddada cewa ci gaba da kula da wannan fanni zai kawo zaman lafiya da bunkasar tattalin arziki a tsakanin al'umma.,BBC Hausa Correspondent,2026-06-30,Afrika,"ECOWAS, Tsaro, Yammacin Afrika",BBC Hausa,https://www.bbc.com/hausa/articles/c802109a,https://images.unsplash.com/photo-1526304640581-d334cdbbf45e?w=800&q=80,False
Wani Bincike: John Mahama ya Gabatar da Jawabi kan Farfado da Tattalin Arzikin Ghana,"Tsohon shugaban kasar Ghana John Mahama ya gabatar da jawabi mai tsawo gaban 'yan jarida a birnin Accra. John Mahama ya kalubalanci ma'aikatar kudi kan rashin daukar matakan dakile hauhawar farashi a kasuwannin Kumasi, Tamale da Cape Coast. Mahama ya yi alkawarin sauye-sauye idan 'yan kasar suka zabe shi. Wannan rahoton ya fito ne daga manema labarai na VOA Hausa a shiyyar Yammacin Afrika. Manazarta sun jaddada cewa ci gaba da kula da wannan fanni zai kawo zaman lafiya da bunkasar tattalin arziki a tsakanin al'umma.",VOA Hausa Correspondent,2026-06-29,Siyasa,"Ghana, Mahama, Accra, Kumasi, Cape Coast",VOA Hausa,https://www.voahausa.com/a/wani-bincike-john-mahama-ya-gabatar-da-jawabi-kan-farfado-da-tattalin-arzikin-ghana/7211381.html,https://images.unsplash.com/photo-1540910419892-4a36d2c3266c?w=800&q=80,True
Kocin Tawagar Black Stars ya Bayyana Shirin Wasan Neman Gurbin Kofin Afrika,Tawagar kwallon kafa ta Ghana wato Black Stars ta fara atisaye mai tsanani gabanin wasan neman gurbin shiga gasar kofin nahiyar Afrika. 'Yan wasan na Black Stars da ke buga wasa a kasashen Turai sun isa birnin Accra da Kumasi domin haɗuwa da sauran takwarorinsu na gida. Wannan rahoton ya fito ne daga manema labarai na VOA Hausa a shiyyar Yammacin Afrika. Manazarta sun jaddada cewa ci gaba da kula da wannan fanni zai kawo zaman lafiya da bunkasar tattalin arziki a tsakanin al'umma.,VOA Hausa Correspondent,2026-06-28,Wasanni,"Ghana, Black Stars, Accra, Kumasi, Wasanni",VOA Hausa,https://www.voahausa.com/a/kocin-tawagar-black-stars-ya-bayyana-shirin-wasan-neman-gurbin-kofin-afrika/7596178.html,https://images.unsplash.com/photo-1508098682722-e99c43a406b2?w=800&q=80,True
ECOWAS ta Gudanar da Taron Sirri Kan Tsaro a Yammacin Afrika - Rahoton DW Hausa,Shugabannin kasashe membobin kungiyar ECOWAS sun gudanar da taro ta hanyar bidiyo domin tattauna halin da tsaro ke ciki a yankin Sahel da Yammacin Afrika. Taron ya jaddada muhimmancin ba da goyon baya ga rundunonin tsaro domin tabbatar da zaman lafiya. Wannan rahoton ya fito ne daga manema labarai na DW Hausa a shiyyar Yammacin Afrika. Manazarta sun jaddada cewa ci gaba da kula da wannan fanni zai kawo zaman lafiya da bunkasar tattalin arziki a tsakanin al'umma.,DW Hausa Correspondent,2026-06-27,Afrika,"ECOWAS, Tsaro, Yammacin Afrika",DW Hausa,https://www.dw.com/ha/ecowas-ta-gudanar-da-taron-sirri-kan-tsaro-a-yammacin-afrika---rahoton-dw-hausa/a-6044085,https://images.unsplash.com/photo-1526304640581-d334cdbbf45e?w=800&q=80,False
Sabbin Labarai: Shirin Noma na Zamani a Birnin Tamale da Shiyyar Northern Region,"Gwamnatin Ghana da abokan hulɗa na kasa da kasa sun rarraba na'urorin feshin maganin kwari da ingantattun irabuka ga manoma a kewayen birnin Tamale. Wannan dauki zai taimaka wa manoman Northern Region wajen bunkasa samar da masara, shinkafa da waken suya a wannan shekara. Wannan rahoton ya fito ne daga manema labarai na DW Hausa a shiyyar Yammacin Afrika. Manazarta sun jaddada cewa ci gaba da kula da wannan fanni zai kawo zaman lafiya da bunkasar tattalin arziki a tsakanin al'umma.",DW Hausa Correspondent,2026-07-21,Noma,"Ghana, Tamale, Northern Region, Noma",DW Hausa,https://www.dw.com/ha/sabbin-labarai-shirin-noma-na-zamani-a-birnin-tamale-da-shiyyar-northern-region/a-6384571,https://images.unsplash.com/photo-1500382017468-9049fed747ef?w=800&q=80,True
Bunkasa Amfani da Ghana Card wajen Yin Rajistar Layukan Waya da Banki - Taron Kara Wa Juna Sani #27,"Hukumar katin shaida ta kasar Ghana ta bayyana cewa kashi 85 cikin dari na 'yan kasar a birane kamar Accra, Kumasi da Takoradi sun sami katin Ghana Card. Wannan katin shaida ya sauƙaƙa wa mutane harkar banki da rajistar layukan salula a fadin kasar. Wannan rahoton ya fito ne daga manema labarai na VOA Hausa a shiyyar Yammacin Afrika. Manazarta sun jaddada cewa ci gaba da kula da wannan fanni zai kawo zaman lafiya da bunkasar tattalin arziki a tsakanin al'umma.",VOA Hausa Correspondent,2026-07-20,Fasaha,"Ghana, Ghana Card, Accra, Kumasi, Takoradi",VOA Hausa,https://www.voahausa.com/a/bunkasa-amfani-da-ghana-card-wajen-yin-rajistar-layukan-waya-da-banki---taron-kara-wa-juna-sani-27/7400072.html,https://images.unsplash.com/photo-1523821741446-edb2b68bb7a0?w=800&q=80,True
Gasar Kofin Duniya: Shirye-Shiryen Kungiyoyin Afrika gabanin Fafatawa - Taron Kara Wa Juna Sani #28,"Kociyoyin kungiyoyin kafa na nahiyar Afrika kamar Senegal, Morocco da Kamaru sun fara tantance 'yan wasansu domin gasar kofin duniya mai zuwa. Masana harkokin wasanni sun hango yiwuwar kasashen Afrika su tsallake zuwa matakan kusa da na karshe. Wannan rahoton ya fito ne daga manema labarai na BBC Hausa a shiyyar Yammacin Afrika. Manazarta sun jaddada cewa ci gaba da kula da wannan fanni zai kawo zaman lafiya da bunkasar tattalin arziki a tsakanin al'umma.",BBC Hausa Correspondent,2026-07-19,Wasanni,"Wasanni, Afrika, Kofin Duniya",BBC Hausa,https://www.bbc.com/hausa/articles/c760673a,https://images.unsplash.com/photo-1579952363873-27f3bade9f55?w=800&q=80,False
Shugaban Kasa Nana Akufo-Addo ya Ziyarci Asibitin Yammacin Ghana a Takoradi - Taron Kara Wa Juna Sani #29,Shugaba Nana Akufo-Addo ya gudanar da ziyarar aiki zuwa birnin Takoradi domin duba matakin ginin sabon asibitin shiyyar. Nana Akufo-Addo ya jaddada cewa gwamnatinsa za ta ci gaba da inganta fannin kiwon lafiya a yankin Takoradi da Sekondi domin asibitin ya hidimta wa al'umma cikin tsaro da inganci. Wannan rahoton ya fito ne daga manema labarai na BBC Hausa a shiyyar Yammacin Afrika. Manazarta sun jaddada cewa ci gaba da kula da wannan fanni zai kawo zaman lafiya da bunkasar tattalin arziki a tsakanin al'umma.,BBC Hausa Correspondent,2026-07-18,Kulawa da Lafiya,"Ghana, Akufo-Addo, Takoradi, Lafiya",BBC Hausa,https://www.bbc.com/hausa/articles/c988891a,https://images.unsplash.com/photo-1586773860418-d37222d8fce3?w=800&q=80,True
Shirye-Shiryen Bunkasa Wutar Lantarki ta ECG a Shiyyar Ashanti - Taron Kara Wa Juna Sani #30,Babban gudanarwa na kamfanin wutar lantarki na ECG a Ghana ya tabbatar da cewa za a sanya sabbin transformer guda 50 a kasuwannin Kumasi da kewayenta. Wannan tsari zai dakile matsalar dauke wuta da 'yan kasuwa ke fuskanta a shiyyar Ashanti. Wannan rahoton ya fito ne daga manema labarai na BBC Hausa a shiyyar Yammacin Afrika. Manazarta sun jaddada cewa ci gaba da kula da wannan fanni zai kawo zaman lafiya da bunkasar tattalin arziki a tsakanin al'umma.,BBC Hausa Correspondent,2026-07-17,Tattalin Arziki,"Ghana, ECG, Kumasi, Ashanti",BBC Hausa,https://www.bbc.com/hausa/articles/c275472a,https://images.unsplash.com/photo-1473341304170-971dccb5ac1e?w=800&q=80,True
ECOWAS ta Gudanar da Taron Sirri Kan Tsaro a Yammacin Afrika - Taron Kara Wa Juna Sani #31,Shugabannin kasashe membobin kungiyar ECOWAS sun gudanar da taro ta hanyar bidiyo domin tattauna halin da tsaro ke ciki a yankin Sahel da Yammacin Afrika. Taron ya jaddada muhimmancin ba da goyon baya ga rundunonin tsaro domin tabbatar da zaman lafiya. Wannan rahoton ya fito ne daga manema labarai na BBC Hausa a shiyyar Yammacin Afrika. Manazarta sun jaddada cewa ci gaba da kula da wannan fanni zai kawo zaman lafiya da bunkasar tattalin arziki a tsakanin al'umma.,BBC Hausa Correspondent,2026-07-16,Afrika,"ECOWAS, Tsaro, Yammacin Afrika",BBC Hausa,https://www.bbc.com/hausa/articles/c410519a,https://images.unsplash.com/photo-1526304640581-d334cdbbf45e?w=800&q=80,False
Murnar Bikin Gargajiya a Shiyyar Volta: Dubban Mutane sun Hallara - Taron Kara Wa Juna Sani #32,"Al'ummomin shiyyar Volta a kasar Ghana sun gudanar da bukin gargajiya na shekara-shekara domin nuna godiya ga albarkar amfanin gona. Taron ya sami halartar sarakunan gargajiya, 'yan majalisa da baki daga garuruwan Kumasi da Accra. Wannan rahoton ya fito ne daga manema labarai na BBC Hausa a shiyyar Yammacin Afrika. Manazarta sun jaddada cewa ci gaba da kula da wannan fanni zai kawo zaman lafiya da bunkasar tattalin arziki a tsakanin al'umma.",BBC Hausa Correspondent,2026-07-15,Al'adu,"Ghana, Volta, Al'adu, Accra, Kumasi",BBC Hausa,https://www.bbc.com/hausa/articles/c954917a,https://images.unsplash.com/photo-1511632765486-a01980e01a18?w=800&q=80,True
Shirin Noma na Zamani a Birnin Tamale da Shiyyar Northern Region - Taron Kara Wa Juna Sani #33,"Gwamnatin Ghana da abokan hulɗa na kasa da kasa sun rarraba na'urorin feshin maganin kwari da ingantattun irabuka ga manoma a kewayen birnin Tamale. Wannan dauki zai taimaka wa manoman Northern Region wajen bunkasa samar da masara, shinkafa da waken suya a wannan shekara. Wannan rahoton ya fito ne daga manema labarai na DW Hausa a shiyyar Yammacin Afrika. Manazarta sun jaddada cewa ci gaba da kula da wannan fanni zai kawo zaman lafiya da bunkasar tattalin arziki a tsakanin al'umma.",DW Hausa Correspondent,2026-07-14,Noma,"Ghana, Tamale, Northern Region, Noma",DW Hausa,https://www.dw.com/ha/shirin-noma-na-zamani-a-birnin-tamale-da-shiyyar-northern-region---taron-kara-wa-juna-sani-33/a-6784358,https://images.unsplash.com/photo-1500382017468-9049fed747ef?w=800&q=80,True
Gasar Kofin Duniya: Shirye-Shiryen Kungiyoyin Afrika gabanin Fafatawa - Taron Kara Wa Juna Sani #34,"Kociyoyin kungiyoyin kafa na nahiyar Afrika kamar Senegal, Morocco da Kamaru sun fara tantance 'yan wasansu domin gasar kofin duniya mai zuwa. Masana harkokin wasanni sun hango yiwuwar kasashen Afrika su tsallake zuwa matakan kusa da na karshe. Wannan rahoton ya fito ne daga manema labarai na BBC Hausa a shiyyar Yammacin Afrika. Manazarta sun jaddada cewa ci gaba da kula da wannan fanni zai kawo zaman lafiya da bunkasar tattalin arziki a tsakanin al'umma.",BBC Hausa Correspondent,2026-07-13,Wasanni,"Wasanni, Afrika, Kofin Duniya",BBC Hausa,https://www.bbc.com/hausa/articles/c613648a,https://images.unsplash.com/photo-1579952363873-27f3bade9f55?w=800&q=80,False
Shirin Noma na Zamani a Birnin Tamale da Shiyyar Northern Region - Taron Kara Wa Juna Sani #35,"Gwamnatin Ghana da abokan hulɗa na kasa da kasa sun rarraba na'urorin feshin maganin kwari da ingantattun irabuka ga manoma a kewayen birnin Tamale. Wannan dauki zai taimaka wa manoman Northern Region wajen bunkasa samar da masara, shinkafa da waken suya a wannan shekara. Wannan rahoton ya fito ne daga manema labarai na VOA Hausa a shiyyar Yammacin Afrika. Manazarta sun jaddada cewa ci gaba da kula da wannan fanni zai kawo zaman lafiya da bunkasar tattalin arziki a tsakanin al'umma.",VOA Hausa Correspondent,2026-07-12,Noma,"Ghana, Tamale, Northern Region, Noma",VOA Hausa,https://www.voahausa.com/a/shirin-noma-na-zamani-a-birnin-tamale-da-shiyyar-northern-region---taron-kara-wa-juna-sani-35/7292319.html,https://images.unsplash.com/photo-1500382017468-9049fed747ef?w=800&q=80,True
John Mahama ya Gabatar da Jawabi kan Farfado da Tattalin Arzikin Ghana - Taron Kara Wa Juna Sani #36,"Tsohon shugaban kasar Ghana John Mahama ya gabatar da jawabi mai tsawo gaban 'yan jarida a birnin Accra. John Mahama ya kalubalanci ma'aikatar kudi kan rashin daukar matakan dakile hauhawar farashi a kasuwannin Kumasi, Tamale da Cape Coast. Mahama ya yi alkawarin sauye-sauye idan 'yan kasar suka zabe shi. Wannan rahoton ya fito ne daga manema labarai na BBC Hausa a shiyyar Yammacin Afrika. Manazarta sun jaddada cewa ci gaba da kula da wannan fanni zai kawo zaman lafiya da bunkasar tattalin arziki a tsakanin al'umma.",BBC Hausa Correspondent,2026-07-11,Siyasa,"Ghana, Mahama, Accra, Kumasi, Cape Coast",BBC Hausa,https://www.bbc.com/hausa/articles/c306275a,https://images.unsplash.com/photo-1540910419892-4a36d2c3266c?w=800&q=80,True
Bunkasa Hada-Hadar Kasuwanci Tsakanin Najeriya da Jamhuriyar Nijar - Taron Kara Wa Juna Sani #37,"'Yan kasuwa a garuruwan kan iyaka kamar Katsina, Jibia da Maradi sun bayyana cewa bude kan iyakoki ya bunkasa safarar abinci da tufafi. Hukumar fito ta kasashen biyu ta yi alkawarin ci gaba da ba da damar gudanar da kasuwanci cikin lumana. Wannan rahoton ya fito ne daga manema labarai na BBC Hausa a shiyyar Yammacin Afrika. Manazarta sun jaddada cewa ci gaba da kula da wannan fanni zai kawo zaman lafiya da bunkasar tattalin arziki a tsakanin al'umma.",BBC Hausa Correspondent,2026-07-10,Tattalin Arziki,"Najeriya, Nijar, Kasuwanci",BBC Hausa,https://www.bbc.com/hausa/articles/c153248a,https://images.unsplash.com/photo-1454165804606-c3d57bc86b40?w=800&q=80,False
Shirin Noma na Zamani a Birnin Tamale da Shiyyar Northern Region - Taron Kara Wa Juna Sani #38,"Gwamnatin Ghana da abokan hulɗa na kasa da kasa sun rarraba na'urorin feshin maganin kwari da ingantattun irabuka ga manoma a kewayen birnin Tamale. Wannan dauki zai taimaka wa manoman Northern Region wajen bunkasa samar da masara, shinkafa da waken suya a wannan shekara. Wannan rahoton ya fito ne daga manema labarai na DW Hausa a shiyyar Yammacin Afrika. Manazarta sun jaddada cewa ci gaba da kula da wannan fanni zai kawo zaman lafiya da bunkasar tattalin arziki a tsakanin al'umma.",DW Hausa Correspondent,2026-07-09,Noma,"Ghana, Tamale, Northern Region, Noma",DW Hausa,https://www.dw.com/ha/shirin-noma-na-zamani-a-birnin-tamale-da-shiyyar-northern-region---taron-kara-wa-juna-sani-38/a-6162695,https://images.unsplash.com/photo-1500382017468-9049fed747ef?w=800&q=80,True
Shirye-Shiryen Bunkasa Wutar Lantarki ta ECG a Shiyyar Ashanti - Taron Kara Wa Juna Sani #39,Babban gudanarwa na kamfanin wutar lantarki na ECG a Ghana ya tabbatar da cewa za a sanya sabbin transformer guda 50 a kasuwannin Kumasi da kewayenta. Wannan tsari zai dakile matsalar dauke wuta da 'yan kasuwa ke fuskanta a shiyyar Ashanti. Wannan rahoton ya fito ne daga manema labarai na BBC Hausa a shiyyar Yammacin Afrika. Manazarta sun jaddada cewa ci gaba da kula da wannan fanni zai kawo zaman lafiya da bunkasar tattalin arziki a tsakanin al'umma.,BBC Hausa Correspondent,2026-07-08,Tattalin Arziki,"Ghana, ECG, Kumasi, Ashanti",BBC Hausa,https://www.bbc.com/hausa/articles/c815450a,https://images.unsplash.com/photo-1473341304170-971dccb5ac1e?w=800&q=80,True
ECOWAS ta Gudanar da Taron Sirri Kan Tsaro a Yammacin Afrika - Taron Kara Wa Juna Sani #40,Shugabannin kasashe membobin kungiyar ECOWAS sun gudanar da taro ta hanyar bidiyo domin tattauna halin da tsaro ke ciki a yankin Sahel da Yammacin Afrika. Taron ya jaddada muhimmancin ba da goyon baya ga rundunonin tsaro domin tabbatar da zaman lafiya. Wannan rahoton ya fito ne daga manema labarai na DW Hausa a shiyyar Yammacin Afrika. Manazarta sun jaddada cewa ci gaba da kula da wannan fanni zai kawo zaman lafiya da bunkasar tattalin arziki a tsakanin al'umma.,DW Hausa Correspondent,2026-07-07,Afrika,"ECOWAS, Tsaro, Yammacin Afrika",DW Hausa,https://www.dw.com/ha/ecowas-ta-gudanar-da-taron-sirri-kan-tsaro-a-yammacin-afrika---taron-kara-wa-juna-sani-40/a-6637459,https://images.unsplash.com/photo-1526304640581-d334cdbbf45e?w=800&q=80,False
Shirye-Shiryen Bunkasa Wutar Lantarki ta ECG a Shiyyar Ashanti - Taron Kara Wa Juna Sani #41,Babban gudanarwa na kamfanin wutar lantarki na ECG a Ghana ya tabbatar da cewa za a sanya sabbin transformer guda 50 a kasuwannin Kumasi da kewayenta. Wannan tsari zai dakile matsalar dauke wuta da 'yan kasuwa ke fuskanta a shiyyar Ashanti. Wannan rahoton ya fito ne daga manema labarai na DW Hausa a shiyyar Yammacin Afrika. Manazarta sun jaddada cewa ci gaba da kula da wannan fanni zai kawo zaman lafiya da bunkasar tattalin arziki a tsakanin al'umma.,DW Hausa Correspondent,2026-07-06,Tattalin Arziki,"Ghana, ECG, Kumasi, Ashanti",DW Hausa,https://www.dw.com/ha/shirye-shiryen-bunkasa-wutar-lantarki-ta-ecg-a-shiyyar-ashanti---taron-kara-wa-juna-sani-41/a-6700593,https://images.unsplash.com/photo-1473341304170-971dccb5ac1e?w=800&q=80,True
Shirin Horar da Matasa kan Fasaha da Binciken Bayanai a Kumasi - Taron Kara Wa Juna Sani #42,Cibiyar bunkasa fasaha ta shiyyar Ashanti da ke birnin Kumasi ta kaddamar da shirin horar da matasa daruruwa kan dabarun kera manhajoji da sarrafa intanet. Matasan sun nuna jin dadinsu sosai inda suka ce wannan horo zai bude musu damammakin samun aiki a Ghana da kasashen waje. Wannan rahoton ya fito ne daga manema labarai na BBC Hausa a shiyyar Yammacin Afrika. Manazarta sun jaddada cewa ci gaba da kula da wannan fanni zai kawo zaman lafiya da bunkasar tattalin arziki a tsakanin al'umma.,BBC Hausa Correspondent,2026-07-05,Fasaha,"Ghana, Kumasi, Ashanti, Fasaha",BBC Hausa,https://www.bbc.com/hausa/articles/c916915a,https://images.unsplash.com/photo-1531482615713-2afd69097998?w=800&q=80,True
Gasar Kofin Duniya: Shirye-Shiryen Kungiyoyin Afrika gabanin Fafatawa - Taron Kara Wa Juna Sani #43,"Kociyoyin kungiyoyin kafa na nahiyar Afrika kamar Senegal, Morocco da Kamaru sun fara tantance 'yan wasansu domin gasar kofin duniya mai zuwa. Masana harkokin wasanni sun hango yiwuwar kasashen Afrika su tsallake zuwa matakan kusa da na karshe. Wannan rahoton ya fito ne daga manema labarai na DW Hausa a shiyyar Yammacin Afrika. Manazarta sun jaddada cewa ci gaba da kula da wannan fanni zai kawo zaman lafiya da bunkasar tattalin arziki a tsakanin al'umma.",DW Hausa Correspondent,2026-07-04,Wasanni,"Wasanni, Afrika, Kofin Duniya",DW Hausa,https://www.dw.com/ha/gasar-kofin-duniya-shirye-shiryen-kungiyoyin-afrika-gabanin-fafatawa---taron-kara-wa-juna-sani-43/a-6813637,https://images.unsplash.com/photo-1579952363873-27f3bade9f55?w=800&q=80,False
Miyagun Kwayoyi: Rundunar 'Yan Sanda ta Kamfanin Tsaro a Accra da Tamale - Taron Kara Wa Juna Sani #44,Jami'an rundunar 'yan sandan Ghana sun gudanar da samamen ba-zata a sassa daban-daban na biranen Accra da Tamale inda suka kama mutane da ake zargi da fataucin miyagun kwayoyi. Kwamishinan 'yan sandan ya jaddada aniyar rundunar ta tsabtace birane. Wannan rahoton ya fito ne daga manema labarai na BBC Hausa a shiyyar Yammacin Afrika. Manazarta sun jaddada cewa ci gaba da kula da wannan fanni zai kawo zaman lafiya da bunkasar tattalin arziki a tsakanin al'umma.,BBC Hausa Correspondent,2026-07-03,Labarai,"Ghana, Accra, Tamale, Tsaro",BBC Hausa,https://www.bbc.com/hausa/articles/c710210a,https://images.unsplash.com/photo-1526304640581-d334cdbbf45e?w=800&q=80,True
Murnar Bikin Gargajiya a Shiyyar Volta: Dubban Mutane sun Hallara - Taron Kara Wa Juna Sani #45,"Al'ummomin shiyyar Volta a kasar Ghana sun gudanar da bukin gargajiya na shekara-shekara domin nuna godiya ga albarkar amfanin gona. Taron ya sami halartar sarakunan gargajiya, 'yan majalisa da baki daga garuruwan Kumasi da Accra. Wannan rahoton ya fito ne daga manema labarai na DW Hausa a shiyyar Yammacin Afrika. Manazarta sun jaddada cewa ci gaba da kula da wannan fanni zai kawo zaman lafiya da bunkasar tattalin arziki a tsakanin al'umma.",DW Hausa Correspondent,2026-07-02,Al'adu,"Ghana, Volta, Al'adu, Accra, Kumasi",DW Hausa,https://www.dw.com/ha/murnar-bikin-gargajiya-a-shiyyar-volta-dubban-mutane-sun-hallara---taron-kara-wa-juna-sani-45/a-6072528,https://images.unsplash.com/photo-1511632765486-a01980e01a18?w=800&q=80,True
Bunkasa Hada-Hadar Kasuwanci Tsakanin Najeriya da Jamhuriyar Nijar - Taron Kara Wa Juna Sani #46,"'Yan kasuwa a garuruwan kan iyaka kamar Katsina, Jibia da Maradi sun bayyana cewa bude kan iyakoki ya bunkasa safarar abinci da tufafi. Hukumar fito ta kasashen biyu ta yi alkawarin ci gaba da ba da damar gudanar da kasuwanci cikin lumana. Wannan rahoton ya fito ne daga manema labarai na BBC Hausa a shiyyar Yammacin Afrika. Manazarta sun jaddada cewa ci gaba da kula da wannan fanni zai kawo zaman lafiya da bunkasar tattalin arziki a tsakanin al'umma.",BBC Hausa Correspondent,2026-07-01,Tattalin Arziki,"Najeriya, Nijar, Kasuwanci",BBC Hausa,https://www.bbc.com/hausa/articles/c314269a,https://images.unsplash.com/photo-1454165804606-c3d57bc86b40?w=800&q=80,False
Taro Tsakanin 'Yan Kasuwa a Accra da Wakilan Gwamnatin Ghana - Taron Kara Wa Juna Sani #47,Kungiyar 'yan kasuwa ta birnin Accra ta gudanar da taron tattaunawa da wakilan ma'aikatar kasuwanci ta kasar Ghana. Taron ya maida hankali ne kan hanyoyin rage harajin kayan abinci da wutar lantarki ta kamfanin ECG. Shugaban 'yan kasuwa a kasuwar Makola da ke Accra ya bayyana cewa sauƙaƙa haraji zai gaggauta farfaɗo da tattalin arzikin 'yan kasa. Wannan rahoton ya fito ne daga manema labarai na DW Hausa a shiyyar Yammacin Afrika. Manazarta sun jaddada cewa ci gaba da kula da wannan fanni zai kawo zaman lafiya da bunkasar tattalin arziki a tsakanin al'umma.,DW Hausa Correspondent,2026-06-30,Tattalin Arziki,"Ghana, Accra, ECG, Kasuwanci",DW Hausa,https://www.dw.com/ha/taro-tsakanin-yan-kasuwa-a-accra-da-wakilan-gwamnatin-ghana---taron-kara-wa-juna-sani-47/a-6917708,https://images.unsplash.com/photo-1547471080-7cc2caa01a7e?w=800&q=80,True
Taro Tsakanin 'Yan Kasuwa a Accra da Wakilan Gwamnatin Ghana - Taron Kara Wa Juna Sani #48,Kungiyar 'yan kasuwa ta birnin Accra ta gudanar da taron tattaunawa da wakilan ma'aikatar kasuwanci ta kasar Ghana. Taron ya maida hankali ne kan hanyoyin rage harajin kayan abinci da wutar lantarki ta kamfanin ECG. Shugaban 'yan kasuwa a kasuwar Makola da ke Accra ya bayyana cewa sauƙaƙa haraji zai gaggauta farfaɗo da tattalin arzikin 'yan kasa. Wannan rahoton ya fito ne daga manema labarai na DW Hausa a shiyyar Yammacin Afrika. Manazarta sun jaddada cewa ci gaba da kula da wannan fanni zai kawo zaman lafiya da bunkasar tattalin arziki a tsakanin al'umma.,DW Hausa Correspondent,2026-06-29,Tattalin Arziki,"Ghana, Accra, ECG, Kasuwanci",DW Hausa,https://www.dw.com/ha/taro-tsakanin-yan-kasuwa-a-accra-da-wakilan-gwamnatin-ghana---taron-kara-wa-juna-sani-48/a-6258714,https://images.unsplash.com/photo-1547471080-7cc2caa01a7e?w=800&q=80,True
Kasanin Binciken Kimiyya: Sabuwar Hanyar Yin Amfani da Karfin Rana - Taron Kara Wa Juna Sani #49,Masanan kimiyya daga jami'o'in nahiyar Afrika da Turai sun kera sabon nau'in na'urar hasken rana mai karfi da ke aiki ko da gari ya yi gajimare. Wannan fasaha za ta rage kudin wutar lantarki ga iyaye da kasuwanni a kasashen da ke tasowa. Wannan rahoton ya fito ne daga manema labarai na DW Hausa a shiyyar Yammacin Afrika. Manazarta sun jaddada cewa ci gaba da kula da wannan fanni zai kawo zaman lafiya da bunkasar tattalin arziki a tsakanin al'umma.,DW Hausa Correspondent,2026-06-28,Fasaha,"Fasaha, Hasken Rana, Kimiyya",DW Hausa,https://www.dw.com/ha/kasanin-binciken-kimiyya-sabuwar-hanyar-yin-amfani-da-karfin-rana---taron-kara-wa-juna-sani-49/a-6182174,https://images.unsplash.com/photo-1509391365360-2e959784a276?w=800&q=80,False
Murnar Bikin Gargajiya a Shiyyar Volta: Dubban Mutane sun Hallara - Taron Kara Wa Juna Sani #50,"Al'ummomin shiyyar Volta a kasar Ghana sun gudanar da bukin gargajiya na shekara-shekara domin nuna godiya ga albarkar amfanin gona. Taron ya sami halartar sarakunan gargajiya, 'yan majalisa da baki daga garuruwan Kumasi da Accra. Wannan rahoton ya fito ne daga manema labarai na DW Hausa a shiyyar Yammacin Afrika. Manazarta sun jaddada cewa ci gaba da kula da wannan fanni zai kawo zaman lafiya da bunkasar tattalin arziki a tsakanin al'umma.",DW Hausa Correspondent,2026-06-27,Al'adu,"Ghana, Volta, Al'adu, Accra, Kumasi",DW Hausa,https://www.dw.com/ha/murnar-bikin-gargajiya-a-shiyyar-volta-dubban-mutane-sun-hallara---taron-kara-wa-juna-sani-50/a-6290903,https://images.unsplash.com/photo-1511632765486-a01980e01a18?w=800&q=80,True
Shirin Noma na Zamani a Birnin Tamale da Shiyyar Northern Region - Taron Kara Wa Juna Sani #51,"Gwamnatin Ghana da abokan hulɗa na kasa da kasa sun rarraba na'urorin feshin maganin kwari da ingantattun irabuka ga manoma a kewayen birnin Tamale. Wannan dauki zai taimaka wa manoman Northern Region wajen bunkasa samar da masara, shinkafa da waken suya a wannan shekara. Wannan rahoton ya fito ne daga manema labarai na BBC Hausa a shiyyar Yammacin Afrika. Manazarta sun jaddada cewa ci gaba da kula da wannan fanni zai kawo zaman lafiya da bunkasar tattalin arziki a tsakanin al'umma.",BBC Hausa Correspondent,2026-07-21,Noma,"Ghana, Tamale, Northern Region, Noma",BBC Hausa,https://www.bbc.com/hausa/articles/c244756a,https://images.unsplash.com/photo-1500382017468-9049fed747ef?w=800&q=80,True
Kasanin Binciken Kimiyya: Sabuwar Hanyar Yin Amfani da Karfin Rana - Taron Kara Wa Juna Sani #52,Masanan kimiyya daga jami'o'in nahiyar Afrika da Turai sun kera sabon nau'in na'urar hasken rana mai karfi da ke aiki ko da gari ya yi gajimare. Wannan fasaha za ta rage kudin wutar lantarki ga iyaye da kasuwanni a kasashen da ke tasowa. Wannan rahoton ya fito ne daga manema labarai na BBC Hausa a shiyyar Yammacin Afrika. Manazarta sun jaddada cewa ci gaba da kula da wannan fanni zai kawo zaman lafiya da bunkasar tattalin arziki a tsakanin al'umma.,BBC Hausa Correspondent,2026-07-20,Fasaha,"Fasaha, Hasken Rana, Kimiyya",BBC Hausa,https://www.bbc.com/hausa/articles/c539970a,https://images.unsplash.com/photo-1509391365360-2e959784a276?w=800&q=80,False
Shirye-Shiryen Bunkasa Wutar Lantarki ta ECG a Shiyyar Ashanti - Taron Kara Wa Juna Sani #53,Babban gudanarwa na kamfanin wutar lantarki na ECG a Ghana ya tabbatar da cewa za a sanya sabbin transformer guda 50 a kasuwannin Kumasi da kewayenta. Wannan tsari zai dakile matsalar dauke wuta da 'yan kasuwa ke fuskanta a shiyyar Ashanti. Wannan rahoton ya fito ne daga manema labarai na DW Hausa a shiyyar Yammacin Afrika. Manazarta sun jaddada cewa ci gaba da kula da wannan fanni zai kawo zaman lafiya da bunkasar tattalin arziki a tsakanin al'umma.,DW Hausa Correspondent,2026-07-19,Tattalin Arziki,"Ghana, ECG, Kumasi, Ashanti",DW Hausa,https://www.dw.com/ha/shirye-shiryen-bunkasa-wutar-lantarki-ta-ecg-a-shiyyar-ashanti---taron-kara-wa-juna-sani-53/a-6811968,https://images.unsplash.com/photo-1473341304170-971dccb5ac1e?w=800&q=80,True
Miyagun Kwayoyi: Rundunar 'Yan Sanda ta Kamfanin Tsaro a Accra da Tamale - Taron Kara Wa Juna Sani #54,Jami'an rundunar 'yan sandan Ghana sun gudanar da samamen ba-zata a sassa daban-daban na biranen Accra da Tamale inda suka kama mutane da ake zargi da fataucin miyagun kwayoyi. Kwamishinan 'yan sandan ya jaddada aniyar rundunar ta tsabtace birane. Wannan rahoton ya fito ne daga manema labarai na DW Hausa a shiyyar Yammacin Afrika. Manazarta sun jaddada cewa ci gaba da kula da wannan fanni zai kawo zaman lafiya da bunkasar tattalin arziki a tsakanin al'umma.,DW Hausa Correspondent,2026-07-18,Labarai,"Ghana, Accra, Tamale, Tsaro",DW Hausa,https://www.dw.com/ha/miyagun-kwayoyi-rundunar-yan-sanda-ta-kamfanin-tsaro-a-accra-da-tamale---taron-kara-wa-juna-sani-54/a-6546323,https://images.unsplash.com/photo-1526304640581-d334cdbbf45e?w=800&q=80,True
Gasar Kofin Duniya: Shirye-Shiryen Kungiyoyin Afrika gabanin Fafatawa - Taron Kara Wa Juna Sani #55,"Kociyoyin kungiyoyin kafa na nahiyar Afrika kamar Senegal, Morocco da Kamaru sun fara tantance 'yan wasansu domin gasar kofin duniya mai zuwa. Masana harkokin wasanni sun hango yiwuwar kasashen Afrika su tsallake zuwa matakan kusa da na karshe. Wannan rahoton ya fito ne daga manema labarai na BBC Hausa a shiyyar Yammacin Afrika. Manazarta sun jaddada cewa ci gaba da kula da wannan fanni zai kawo zaman lafiya da bunkasar tattalin arziki a tsakanin al'umma.",BBC Hausa Correspondent,2026-07-17,Wasanni,"Wasanni, Afrika, Kofin Duniya",BBC Hausa,https://www.bbc.com/hausa/articles/c987690a,https://images.unsplash.com/photo-1579952363873-27f3bade9f55?w=800&q=80,False
Shirin Horar da Matasa kan Fasaha da Binciken Bayanai a Kumasi - Taron Kara Wa Juna Sani #56,Cibiyar bunkasa fasaha ta shiyyar Ashanti da ke birnin Kumasi ta kaddamar da shirin horar da matasa daruruwa kan dabarun kera manhajoji da sarrafa intanet. Matasan sun nuna jin dadinsu sosai inda suka ce wannan horo zai bude musu damammakin samun aiki a Ghana da kasashen waje. Wannan rahoton ya fito ne daga manema labarai na BBC Hausa a shiyyar Yammacin Afrika. Manazarta sun jaddada cewa ci gaba da kula da wannan fanni zai kawo zaman lafiya da bunkasar tattalin arziki a tsakanin al'umma.,BBC Hausa Correspondent,2026-07-16,Fasaha,"Ghana, Kumasi, Ashanti, Fasaha",BBC Hausa,https://www.bbc.com/hausa/articles/c233796a,https://images.unsplash.com/photo-1531482615713-2afd69097998?w=800&q=80,True
John Mahama ya Gabatar da Jawabi kan Farfado da Tattalin Arzikin Ghana - Taron Kara Wa Juna Sani #57,"Tsohon shugaban kasar Ghana John Mahama ya gabatar da jawabi mai tsawo gaban 'yan jarida a birnin Accra. John Mahama ya kalubalanci ma'aikatar kudi kan rashin daukar matakan dakile hauhawar farashi a kasuwannin Kumasi, Tamale da Cape Coast. Mahama ya yi alkawarin sauye-sauye idan 'yan kasar suka zabe shi. Wannan rahoton ya fito ne daga manema labarai na DW Hausa a shiyyar Yammacin Afrika. Manazarta sun jaddada cewa ci gaba da kula da wannan fanni zai kawo zaman lafiya da bunkasar tattalin arziki a tsakanin al'umma.",DW Hausa Correspondent,2026-07-15,Siyasa,"Ghana, Mahama, Accra, Kumasi, Cape Coast",DW Hausa,https://www.dw.com/ha/john-mahama-ya-gabatar-da-jawabi-kan-farfado-da-tattalin-arzikin-ghana---taron-kara-wa-juna-sani-57/a-6877828,https://images.unsplash.com/photo-1540910419892-4a36d2c3266c?w=800&q=80,True
Gasar Kofin Duniya: Shirye-Shiryen Kungiyoyin Afrika gabanin Fafatawa - Taron Kara Wa Juna Sani #58,"Kociyoyin kungiyoyin kafa na nahiyar Afrika kamar Senegal, Morocco da Kamaru sun fara tantance 'yan wasansu domin gasar kofin duniya mai zuwa. Masana harkokin wasanni sun hango yiwuwar kasashen Afrika su tsallake zuwa matakan kusa da na karshe. Wannan rahoton ya fito ne daga manema labarai na DW Hausa a shiyyar Yammacin Afrika. Manazarta sun jaddada cewa ci gaba da kula da wannan fanni zai kawo zaman lafiya da bunkasar tattalin arziki a tsakanin al'umma.",DW Hausa Correspondent,2026-07-14,Wasanni,"Wasanni, Afrika, Kofin Duniya",DW Hausa,https://www.dw.com/ha/gasar-kofin-duniya-shirye-shiryen-kungiyoyin-afrika-gabanin-fafatawa---taron-kara-wa-juna-sani-58/a-6375544,https://images.unsplash.com/photo-1579952363873-27f3bade9f55?w=800&q=80,False
Shirin Noma na Zamani a Birnin Tamale da Shiyyar Northern Region - Taron Kara Wa Juna Sani #59,"Gwamnatin Ghana da abokan hulɗa na kasa da kasa sun rarraba na'urorin feshin maganin kwari da ingantattun irabuka ga manoma a kewayen birnin Tamale. Wannan dauki zai taimaka wa manoman Northern Region wajen bunkasa samar da masara, shinkafa da waken suya a wannan shekara. Wannan rahoton ya fito ne daga manema labarai na VOA Hausa a shiyyar Yammacin Afrika. Manazarta sun jaddada cewa ci gaba da kula da wannan fanni zai kawo zaman lafiya da bunkasar tattalin arziki a tsakanin al'umma.",VOA Hausa Correspondent,2026-07-13,Noma,"Ghana, Tamale, Northern Region, Noma",VOA Hausa,https://www.voahausa.com/a/shirin-noma-na-zamani-a-birnin-tamale-da-shiyyar-northern-region---taron-kara-wa-juna-sani-59/7352272.html,https://images.unsplash.com/photo-1500382017468-9049fed747ef?w=800&q=80,True
Shirin Noma na Zamani a Birnin Tamale da Shiyyar Northern Region - Taron Kara Wa Juna Sani #60,"Gwamnatin Ghana da abokan hulɗa na kasa da kasa sun rarraba na'urorin feshin maganin kwari da ingantattun irabuka ga manoma a kewayen birnin Tamale. Wannan dauki zai taimaka wa manoman Northern Region wajen bunkasa samar da masara, shinkafa da waken suya a wannan shekara. Wannan rahoton ya fito ne daga manema labarai na DW Hausa a shiyyar Yammacin Afrika. Manazarta sun jaddada cewa ci gaba da kula da wannan fanni zai kawo zaman lafiya da bunkasar tattalin arziki a tsakanin al'umma.",DW Hausa Correspondent,2026-07-12,Noma,"Ghana, Tamale, Northern Region, Noma",DW Hausa,https://www.dw.com/ha/shirin-noma-na-zamani-a-birnin-tamale-da-shiyyar-northern-region---taron-kara-wa-juna-sani-60/a-6992110,https://images.unsplash.com/photo-1500382017468-9049fed747ef?w=800&q=80,True
ECOWAS ta Gudanar da Taron Sirri Kan Tsaro a Yammacin Afrika - Taron Kara Wa Juna Sani #61,Shugabannin kasashe membobin kungiyar ECOWAS sun gudanar da taro ta hanyar bidiyo domin tattauna halin da tsaro ke ciki a yankin Sahel da Yammacin Afrika. Taron ya jaddada muhimmancin ba da goyon baya ga rundunonin tsaro domin tabbatar da zaman lafiya. Wannan rahoton ya fito ne daga manema labarai na DW Hausa a shiyyar Yammacin Afrika. Manazarta sun jaddada cewa ci gaba da kula da wannan fanni zai kawo zaman lafiya da bunkasar tattalin arziki a tsakanin al'umma.,DW Hausa Correspondent,2026-07-11,Afrika,"ECOWAS, Tsaro, Yammacin Afrika",DW Hausa,https://www.dw.com/ha/ecowas-ta-gudanar-da-taron-sirri-kan-tsaro-a-yammacin-afrika---taron-kara-wa-juna-sani-61/a-6065630,https://images.unsplash.com/photo-1526304640581-d334cdbbf45e?w=800&q=80,False
Shirye-Shiryen Bunkasa Wutar Lantarki ta ECG a Shiyyar Ashanti - Taron Kara Wa Juna Sani #62,Babban gudanarwa na kamfanin wutar lantarki na ECG a Ghana ya tabbatar da cewa za a sanya sabbin transformer guda 50 a kasuwannin Kumasi da kewayenta. Wannan tsari zai dakile matsalar dauke wuta da 'yan kasuwa ke fuskanta a shiyyar Ashanti. Wannan rahoton ya fito ne daga manema labarai na BBC Hausa a shiyyar Yammacin Afrika. Manazarta sun jaddada cewa ci gaba da kula da wannan fanni zai kawo zaman lafiya da bunkasar tattalin arziki a tsakanin al'umma.,BBC Hausa Correspondent,2026-07-10,Tattalin Arziki,"Ghana, ECG, Kumasi, Ashanti",BBC Hausa,https://www.bbc.com/hausa/articles/c384140a,https://images.unsplash.com/photo-1473341304170-971dccb5ac1e?w=800&q=80,True
Shirin Horar da Matasa kan Fasaha da Binciken Bayanai a Kumasi - Taron Kara Wa Juna Sani #63,Cibiyar bunkasa fasaha ta shiyyar Ashanti da ke birnin Kumasi ta kaddamar da shirin horar da matasa daruruwa kan dabarun kera manhajoji da sarrafa intanet. Matasan sun nuna jin dadinsu sosai inda suka ce wannan horo zai bude musu damammakin samun aiki a Ghana da kasashen waje. Wannan rahoton ya fito ne daga manema labarai na BBC Hausa a shiyyar Yammacin Afrika. Manazarta sun jaddada cewa ci gaba da kula da wannan fanni zai kawo zaman lafiya da bunkasar tattalin arziki a tsakanin al'umma.,BBC Hausa Correspondent,2026-07-09,Fasaha,"Ghana, Kumasi, Ashanti, Fasaha",BBC Hausa,https://www.bbc.com/hausa/articles/c884843a,https://images.unsplash.com/photo-1531482615713-2afd69097998?w=800&q=80,True
Shirin Hukumar Lafiya ta Duniya (WHO) Kan Cututtukan Yara - Taron Kara Wa Juna Sani #64,"Hukumar Lafiya ta Duniya (WHO) ta kaddamar da shirin rigakafi na musamman ga kananan yara a kasashen Afrika. Likitoci na fatan wannan shiri zai kare dubban yara daga cutar kyanda, polio da cututtukan fuka. Wannan rahoton ya fito ne daga manema labarai na VOA Hausa a shiyyar Yammacin Afrika. Manazarta sun jaddada cewa ci gaba da kula da wannan fanni zai kawo zaman lafiya da bunkasar tattalin arziki a tsakanin al'umma.",VOA Hausa Correspondent,2026-07-08,Kulawa da Lafiya,"WHO, Lafiya, Rigakafi",VOA Hausa,https://www.voahausa.com/a/shirin-hukumar-lafiya-ta-duniya-who-kan-cututtukan-yara---taron-kara-wa-juna-sani-64/7255586.html,https://images.unsplash.com/photo-1584515979956-d9f6e5d09982?w=800&q=80,False
John Mahama ya Gabatar da Jawabi kan Farfado da Tattalin Arzikin Ghana - Taron Kara Wa Juna Sani #65,"Tsohon shugaban kasar Ghana John Mahama ya gabatar da jawabi mai tsawo gaban 'yan jarida a birnin Accra. John Mahama ya kalubalanci ma'aikatar kudi kan rashin daukar matakan dakile hauhawar farashi a kasuwannin Kumasi, Tamale da Cape Coast. Mahama ya yi alkawarin sauye-sauye idan 'yan kasar suka zabe shi. Wannan rahoton ya fito ne daga manema labarai na BBC Hausa a shiyyar Yammacin Afrika. Manazarta sun jaddada cewa ci gaba da kula da wannan fanni zai kawo zaman lafiya da bunkasar tattalin arziki a tsakanin al'umma.",BBC Hausa Correspondent,2026-07-07,Siyasa,"Ghana, Mahama, Accra, Kumasi, Cape Coast",BBC Hausa,https://www.bbc.com/hausa/articles/c866887a,https://images.unsplash.com/photo-1540910419892-4a36d2c3266c?w=800&q=80,True
Shugaban Kasa Nana Akufo-Addo ya Ziyarci Asibitin Yammacin Ghana a Takoradi - Taron Kara Wa Juna Sani #66,Shugaba Nana Akufo-Addo ya gudanar da ziyarar aiki zuwa birnin Takoradi domin duba matakin ginin sabon asibitin shiyyar. Nana Akufo-Addo ya jaddada cewa gwamnatinsa za ta ci gaba da inganta fannin kiwon lafiya a yankin Takoradi da Sekondi domin asibitin ya hidimta wa al'umma cikin tsaro da inganci. Wannan rahoton ya fito ne daga manema labarai na VOA Hausa a shiyyar Yammacin Afrika. Manazarta sun jaddada cewa ci gaba da kula da wannan fanni zai kawo zaman lafiya da bunkasar tattalin arziki a tsakanin al'umma.,VOA Hausa Correspondent,2026-07-06,Kulawa da Lafiya,"Ghana, Akufo-Addo, Takoradi, Lafiya",VOA Hausa,https://www.voahausa.com/a/shugaban-kasa-nana-akufo-addo-ya-ziyarci-asibitin-yammacin-ghana-a-takoradi---taron-kara-wa-juna-sani-66/7313237.html,https://images.unsplash.com/photo-1586773860418-d37222d8fce3?w=800&q=80,True
ECOWAS ta Gudanar da Taron Sirri Kan Tsaro a Yammacin Afrika - Taron Kara Wa Juna Sani #67,Shugabannin kasashe membobin kungiyar ECOWAS sun gudanar da taro ta hanyar bidiyo domin tattauna halin da tsaro ke ciki a yankin Sahel da Yammacin Afrika. Taron ya jaddada muhimmancin ba da goyon baya ga rundunonin tsaro domin tabbatar da zaman lafiya. Wannan rahoton ya fito ne daga manema labarai na VOA Hausa a shiyyar Yammacin Afrika. Manazarta sun jaddada cewa ci gaba da kula da wannan fanni zai kawo zaman lafiya da bunkasar tattalin arziki a tsakanin al'umma.,VOA Hausa Correspondent,2026-07-05,Afrika,"ECOWAS, Tsaro, Yammacin Afrika",VOA Hausa,https://www.voahausa.com/a/ecowas-ta-gudanar-da-taron-sirri-kan-tsaro-a-yammacin-afrika---taron-kara-wa-juna-sani-67/7414272.html,https://images.unsplash.com/photo-1526304640581-d334cdbbf45e?w=800&q=80,False
Taro Tsakanin 'Yan Kasuwa a Accra da Wakilan Gwamnatin Ghana - Taron Kara Wa Juna Sani #68,Kungiyar 'yan kasuwa ta birnin Accra ta gudanar da taron tattaunawa da wakilan ma'aikatar kasuwanci ta kasar Ghana. Taron ya maida hankali ne kan hanyoyin rage harajin kayan abinci da wutar lantarki ta kamfanin ECG. Shugaban 'yan kasuwa a kasuwar Makola da ke Accra ya bayyana cewa sauƙaƙa haraji zai gaggauta farfaɗo da tattalin arzikin 'yan kasa. Wannan rahoton ya fito ne daga manema labarai na BBC Hausa a shiyyar Yammacin Afrika. Manazarta sun jaddada cewa ci gaba da kula da wannan fanni zai kawo zaman lafiya da bunkasar tattalin arziki a tsakanin al'umma.,BBC Hausa Correspondent,2026-07-04,Tattalin Arziki,"Ghana, Accra, ECG, Kasuwanci",BBC Hausa,https://www.bbc.com/hausa/articles/c340707a,https://images.unsplash.com/photo-1547471080-7cc2caa01a7e?w=800&q=80,True
Shirye-Shiryen Bunkasa Wutar Lantarki ta ECG a Shiyyar Ashanti - Taron Kara Wa Juna Sani #69,Babban gudanarwa na kamfanin wutar lantarki na ECG a Ghana ya tabbatar da cewa za a sanya sabbin transformer guda 50 a kasuwannin Kumasi da kewayenta. Wannan tsari zai dakile matsalar dauke wuta da 'yan kasuwa ke fuskanta a shiyyar Ashanti. Wannan rahoton ya fito ne daga manema labarai na BBC Hausa a shiyyar Yammacin Afrika. Manazarta sun jaddada cewa ci gaba da kula da wannan fanni zai kawo zaman lafiya da bunkasar tattalin arziki a tsakanin al'umma.,BBC Hausa Correspondent,2026-07-03,Tattalin Arziki,"Ghana, ECG, Kumasi, Ashanti",BBC Hausa,https://www.bbc.com/hausa/articles/c719695a,https://images.unsplash.com/photo-1473341304170-971dccb5ac1e?w=800&q=80,True
Gasar Kofin Duniya: Shirye-Shiryen Kungiyoyin Afrika gabanin Fafatawa - Taron Kara Wa Juna Sani #70,"Kociyoyin kungiyoyin kafa na nahiyar Afrika kamar Senegal, Morocco da Kamaru sun fara tantance 'yan wasansu domin gasar kofin duniya mai zuwa. Masana harkokin wasanni sun hango yiwuwar kasashen Afrika su tsallake zuwa matakan kusa da na karshe. Wannan rahoton ya fito ne daga manema labarai na BBC Hausa a shiyyar Yammacin Afrika. Manazarta sun jaddada cewa ci gaba da kula da wannan fanni zai kawo zaman lafiya da bunkasar tattalin arziki a tsakanin al'umma.",BBC Hausa Correspondent,2026-07-02,Wasanni,"Wasanni, Afrika, Kofin Duniya",BBC Hausa,https://www.bbc.com/hausa/articles/c349152a,https://images.unsplash.com/photo-1579952363873-27f3bade9f55?w=800&q=80,False
Gyaran Hanyoyin Mota da ke Haɗa Cape Coast da Birnin Accra - Taron Kara Wa Juna Sani #71,Ma'aikatar ayyuka da gine-gine ta Ghana ta kaddamar da aikin fadada babbar hanyar mota tsakanin birnin Cape Coast da Accra. Wannan aikin gyaran hanya zai rage tsawon lokacin da 'yan kasuwa ke dauka yayin sufurin kayayyaki tsakanin garuruwan biyu. Wannan rahoton ya fito ne daga manema labarai na BBC Hausa a shiyyar Yammacin Afrika. Manazarta sun jaddada cewa ci gaba da kula da wannan fanni zai kawo zaman lafiya da bunkasar tattalin arziki a tsakanin al'umma.,BBC Hausa Correspondent,2026-07-01,Tattalin Arziki,"Ghana, Cape Coast, Accra, Hanyoyi",BBC Hausa,https://www.bbc.com/hausa/articles/c651822a,https://images.unsplash.com/photo-1578575437130-527eed3abbec?w=800&q=80,True
Murnar Bikin Gargajiya a Shiyyar Volta: Dubban Mutane sun Hallara - Taron Kara Wa Juna Sani #72,"Al'ummomin shiyyar Volta a kasar Ghana sun gudanar da bukin gargajiya na shekara-shekara domin nuna godiya ga albarkar amfanin gona. Taron ya sami halartar sarakunan gargajiya, 'yan majalisa da baki daga garuruwan Kumasi da Accra. Wannan rahoton ya fito ne daga manema labarai na VOA Hausa a shiyyar Yammacin Afrika. Manazarta sun jaddada cewa ci gaba da kula da wannan fanni zai kawo zaman lafiya da bunkasar tattalin arziki a tsakanin al'umma.",VOA Hausa Correspondent,2026-06-30,Al'adu,"Ghana, Volta, Al'adu, Accra, Kumasi",VOA Hausa,https://www.voahausa.com/a/murnar-bikin-gargajiya-a-shiyyar-volta-dubban-mutane-sun-hallara---taron-kara-wa-juna-sani-72/7328653.html,https://images.unsplash.com/photo-1511632765486-a01980e01a18?w=800&q=80,True
ECOWAS ta Gudanar da Taron Sirri Kan Tsaro a Yammacin Afrika - Taron Kara Wa Juna Sani #73,Shugabannin kasashe membobin kungiyar ECOWAS sun gudanar da taro ta hanyar bidiyo domin tattauna halin da tsaro ke ciki a yankin Sahel da Yammacin Afrika. Taron ya jaddada muhimmancin ba da goyon baya ga rundunonin tsaro domin tabbatar da zaman lafiya. Wannan rahoton ya fito ne daga manema labarai na BBC Hausa a shiyyar Yammacin Afrika. Manazarta sun jaddada cewa ci gaba da kula da wannan fanni zai kawo zaman lafiya da bunkasar tattalin arziki a tsakanin al'umma.,BBC Hausa Correspondent,2026-06-29,Afrika,"ECOWAS, Tsaro, Yammacin Afrika",BBC Hausa,https://www.bbc.com/hausa/articles/c925137a,https://images.unsplash.com/photo-1526304640581-d334cdbbf45e?w=800&q=80,False
Murnar Bikin Gargajiya a Shiyyar Volta: Dubban Mutane sun Hallara - Taron Kara Wa Juna Sani #74,"Al'ummomin shiyyar Volta a kasar Ghana sun gudanar da bukin gargajiya na shekara-shekara domin nuna godiya ga albarkar amfanin gona. Taron ya sami halartar sarakunan gargajiya, 'yan majalisa da baki daga garuruwan Kumasi da Accra. Wannan rahoton ya fito ne daga manema labarai na DW Hausa a shiyyar Yammacin Afrika. Manazarta sun jaddada cewa ci gaba da kula da wannan fanni zai kawo zaman lafiya da bunkasar tattalin arziki a tsakanin al'umma.",DW Hausa Correspondent,2026-06-28,Al'adu,"Ghana, Volta, Al'adu, Accra, Kumasi",DW Hausa,https://www.dw.com/ha/murnar-bikin-gargajiya-a-shiyyar-volta-dubban-mutane-sun-hallara---taron-kara-wa-juna-sani-74/a-6258780,https://images.unsplash.com/photo-1511632765486-a01980e01a18?w=800&q=80,True
Bunkasa Amfani da Ghana Card wajen Yin Rajistar Layukan Waya da Banki - Taron Kara Wa Juna Sani #75,"Hukumar katin shaida ta kasar Ghana ta bayyana cewa kashi 85 cikin dari na 'yan kasar a birane kamar Accra, Kumasi da Takoradi sun sami katin Ghana Card. Wannan katin shaida ya sauƙaƙa wa mutane harkar banki da rajistar layukan salula a fadin kasar. Wannan rahoton ya fito ne daga manema labarai na VOA Hausa a shiyyar Yammacin Afrika. Manazarta sun jaddada cewa ci gaba da kula da wannan fanni zai kawo zaman lafiya da bunkasar tattalin arziki a tsakanin al'umma.",VOA Hausa Correspondent,2026-06-27,Fasaha,"Ghana, Ghana Card, Accra, Kumasi, Takoradi",VOA Hausa,https://www.voahausa.com/a/bunkasa-amfani-da-ghana-card-wajen-yin-rajistar-layukan-waya-da-banki---taron-kara-wa-juna-sani-75/7778794.html,https://images.unsplash.com/photo-1523821741446-edb2b68bb7a0?w=800&q=80,True
Bunkasa Hada-Hadar Kasuwanci Tsakanin Najeriya da Jamhuriyar Nijar - Taron Kara Wa Juna Sani #76,"'Yan kasuwa a garuruwan kan iyaka kamar Katsina, Jibia da Maradi sun bayyana cewa bude kan iyakoki ya bunkasa safarar abinci da tufafi. Hukumar fito ta kasashen biyu ta yi alkawarin ci gaba da ba da damar gudanar da kasuwanci cikin lumana. Wannan rahoton ya fito ne daga manema labarai na BBC Hausa a shiyyar Yammacin Afrika. Manazarta sun jaddada cewa ci gaba da kula da wannan fanni zai kawo zaman lafiya da bunkasar tattalin arziki a tsakanin al'umma.",BBC Hausa Correspondent,2026-07-21,Tattalin Arziki,"Najeriya, Nijar, Kasuwanci",BBC Hausa,https://www.bbc.com/hausa/articles/c417266a,https://images.unsplash.com/photo-1454165804606-c3d57bc86b40?w=800&q=80,False
Kocin Tawagar Black Stars ya Bayyana Shirin Wasan Neman Gurbin Kofin Afrika - Taron Kara Wa Juna Sani #77,Tawagar kwallon kafa ta Ghana wato Black Stars ta fara atisaye mai tsanani gabanin wasan neman gurbin shiga gasar kofin nahiyar Afrika. 'Yan wasan na Black Stars da ke buga wasa a kasashen Turai sun isa birnin Accra da Kumasi domin haɗuwa da sauran takwarorinsu na gida. Wannan rahoton ya fito ne daga manema labarai na VOA Hausa a shiyyar Yammacin Afrika. Manazarta sun jaddada cewa ci gaba da kula da wannan fanni zai kawo zaman lafiya da bunkasar tattalin arziki a tsakanin al'umma.,VOA Hausa Correspondent,2026-07-20,Wasanni,"Ghana, Black Stars, Accra, Kumasi, Wasanni",VOA Hausa,https://www.voahausa.com/a/kocin-tawagar-black-stars-ya-bayyana-shirin-wasan-neman-gurbin-kofin-afrika---taron-kara-wa-juna-sani-77/7961908.html,https://images.unsplash.com/photo-1508098682722-e99c43a406b2?w=800&q=80,True
Shirye-Shiryen Bunkasa Wutar Lantarki ta ECG a Shiyyar Ashanti - Taron Kara Wa Juna Sani #78,Babban gudanarwa na kamfanin wutar lantarki na ECG a Ghana ya tabbatar da cewa za a sanya sabbin transformer guda 50 a kasuwannin Kumasi da kewayenta. Wannan tsari zai dakile matsalar dauke wuta da 'yan kasuwa ke fuskanta a shiyyar Ashanti. Wannan rahoton ya fito ne daga manema labarai na DW Hausa a shiyyar Yammacin Afrika. Manazarta sun jaddada cewa ci gaba da kula da wannan fanni zai kawo zaman lafiya da bunkasar tattalin arziki a tsakanin al'umma.,DW Hausa Correspondent,2026-07-19,Tattalin Arziki,"Ghana, ECG, Kumasi, Ashanti",DW Hausa,https://www.dw.com/ha/shirye-shiryen-bunkasa-wutar-lantarki-ta-ecg-a-shiyyar-ashanti---taron-kara-wa-juna-sani-78/a-6623899,https://images.unsplash.com/photo-1473341304170-971dccb5ac1e?w=800&q=80,True
Shirin Hukumar Lafiya ta Duniya (WHO) Kan Cututtukan Yara - Taron Kara Wa Juna Sani #79,"Hukumar Lafiya ta Duniya (WHO) ta kaddamar da shirin rigakafi na musamman ga kananan yara a kasashen Afrika. Likitoci na fatan wannan shiri zai kare dubban yara daga cutar kyanda, polio da cututtukan fuka. Wannan rahoton ya fito ne daga manema labarai na BBC Hausa a shiyyar Yammacin Afrika. Manazarta sun jaddada cewa ci gaba da kula da wannan fanni zai kawo zaman lafiya da bunkasar tattalin arziki a tsakanin al'umma.",BBC Hausa Correspondent,2026-07-18,Kulawa da Lafiya,"WHO, Lafiya, Rigakafi",BBC Hausa,https://www.bbc.com/hausa/articles/c729660a,https://images.unsplash.com/photo-1584515979956-d9f6e5d09982?w=800&q=80,False
Shugaban Kasa Nana Akufo-Addo ya Ziyarci Asibitin Yammacin Ghana a Takoradi - Taron Kara Wa Juna Sani #80,Shugaba Nana Akufo-Addo ya gudanar da ziyarar aiki zuwa birnin Takoradi domin duba matakin ginin sabon asibitin shiyyar. Nana Akufo-Addo ya jaddada cewa gwamnatinsa za ta ci gaba da inganta fannin kiwon lafiya a yankin Takoradi da Sekondi domin asibitin ya hidimta wa al'umma cikin tsaro da inganci. Wannan rahoton ya fito ne daga manema labarai na VOA Hausa a shiyyar Yammacin Afrika. Manazarta sun jaddada cewa ci gaba da kula da wannan fanni zai kawo zaman lafiya da bunkasar tattalin arziki a tsakanin al'umma.,VOA Hausa Correspondent,2026-07-17,Kulawa da Lafiya,"Ghana, Akufo-Addo, Takoradi, Lafiya",VOA Hausa,https://www.voahausa.com/a/shugaban-kasa-nana-akufo-addo-ya-ziyarci-asibitin-yammacin-ghana-a-takoradi---taron-kara-wa-juna-sani-80/7725184.html,https://images.unsplash.com/photo-1586773860418-d37222d8fce3?w=800&q=80,True
Shirye-Shiryen Bunkasa Wutar Lantarki ta ECG a Shiyyar Ashanti - Taron Kara Wa Juna Sani #81,Babban gudanarwa na kamfanin wutar lantarki na ECG a Ghana ya tabbatar da cewa za a sanya sabbin transformer guda 50 a kasuwannin Kumasi da kewayenta. Wannan tsari zai dakile matsalar dauke wuta da 'yan kasuwa ke fuskanta a shiyyar Ashanti. Wannan rahoton ya fito ne daga manema labarai na VOA Hausa a shiyyar Yammacin Afrika. Manazarta sun jaddada cewa ci gaba da kula da wannan fanni zai kawo zaman lafiya da bunkasar tattalin arziki a tsakanin al'umma.,VOA Hausa Correspondent,2026-07-16,Tattalin Arziki,"Ghana, ECG, Kumasi, Ashanti",VOA Hausa,https://www.voahausa.com/a/shirye-shiryen-bunkasa-wutar-lantarki-ta-ecg-a-shiyyar-ashanti---taron-kara-wa-juna-sani-81/7924607.html,https://images.unsplash.com/photo-1473341304170-971dccb5ac1e?w=800&q=80,True
Gasar Kofin Duniya: Shirye-Shiryen Kungiyoyin Afrika gabanin Fafatawa - Taron Kara Wa Juna Sani #82,"Kociyoyin kungiyoyin kafa na nahiyar Afrika kamar Senegal, Morocco da Kamaru sun fara tantance 'yan wasansu domin gasar kofin duniya mai zuwa. Masana harkokin wasanni sun hango yiwuwar kasashen Afrika su tsallake zuwa matakan kusa da na karshe. Wannan rahoton ya fito ne daga manema labarai na BBC Hausa a shiyyar Yammacin Afrika. Manazarta sun jaddada cewa ci gaba da kula da wannan fanni zai kawo zaman lafiya da bunkasar tattalin arziki a tsakanin al'umma.",BBC Hausa Correspondent,2026-07-15,Wasanni,"Wasanni, Afrika, Kofin Duniya",BBC Hausa,https://www.bbc.com/hausa/articles/c820670a,https://images.unsplash.com/photo-1579952363873-27f3bade9f55?w=800&q=80,False
Bunkasa Amfani da Ghana Card wajen Yin Rajistar Layukan Waya da Banki - Taron Kara Wa Juna Sani #83,"Hukumar katin shaida ta kasar Ghana ta bayyana cewa kashi 85 cikin dari na 'yan kasar a birane kamar Accra, Kumasi da Takoradi sun sami katin Ghana Card. Wannan katin shaida ya sauƙaƙa wa mutane harkar banki da rajistar layukan salula a fadin kasar. Wannan rahoton ya fito ne daga manema labarai na BBC Hausa a shiyyar Yammacin Afrika. Manazarta sun jaddada cewa ci gaba da kula da wannan fanni zai kawo zaman lafiya da bunkasar tattalin arziki a tsakanin al'umma.",BBC Hausa Correspondent,2026-07-14,Fasaha,"Ghana, Ghana Card, Accra, Kumasi, Takoradi",BBC Hausa,https://www.bbc.com/hausa/articles/c265751a,https://images.unsplash.com/photo-1523821741446-edb2b68bb7a0?w=800&q=80,True
Murnar Bikin Gargajiya a Shiyyar Volta: Dubban Mutane sun Hallara - Taron Kara Wa Juna Sani #84,"Al'ummomin shiyyar Volta a kasar Ghana sun gudanar da bukin gargajiya na shekara-shekara domin nuna godiya ga albarkar amfanin gona. Taron ya sami halartar sarakunan gargajiya, 'yan majalisa da baki daga garuruwan Kumasi da Accra. Wannan rahoton ya fito ne daga manema labarai na VOA Hausa a shiyyar Yammacin Afrika. Manazarta sun jaddada cewa ci gaba da kula da wannan fanni zai kawo zaman lafiya da bunkasar tattalin arziki a tsakanin al'umma.",VOA Hausa Correspondent,2026-07-13,Al'adu,"Ghana, Volta, Al'adu, Accra, Kumasi",VOA Hausa,https://www.voahausa.com/a/murnar-bikin-gargajiya-a-shiyyar-volta-dubban-mutane-sun-hallara---taron-kara-wa-juna-sani-84/7252481.html,https://images.unsplash.com/photo-1511632765486-a01980e01a18?w=800&q=80,True
Bunkasa Hada-Hadar Kasuwanci Tsakanin Najeriya da Jamhuriyar Nijar - Taron Kara Wa Juna Sani #85,"'Yan kasuwa a garuruwan kan iyaka kamar Katsina, Jibia da Maradi sun bayyana cewa bude kan iyakoki ya bunkasa safarar abinci da tufafi. Hukumar fito ta kasashen biyu ta yi alkawarin ci gaba da ba da damar gudanar da kasuwanci cikin lumana. Wannan rahoton ya fito ne daga manema labarai na DW Hausa a shiyyar Yammacin Afrika. Manazarta sun jaddada cewa ci gaba da kula da wannan fanni zai kawo zaman lafiya da bunkasar tattalin arziki a tsakanin al'umma.",DW Hausa Correspondent,2026-07-12,Tattalin Arziki,"Najeriya, Nijar, Kasuwanci",DW Hausa,https://www.dw.com/ha/bunkasa-hada-hadar-kasuwanci-tsakanin-najeriya-da-jamhuriyar-nijar---taron-kara-wa-juna-sani-85/a-6471550,https://images.unsplash.com/photo-1454165804606-c3d57bc86b40?w=800&q=80,False
Shugaban Kasa Nana Akufo-Addo ya Ziyarci Asibitin Yammacin Ghana a Takoradi - Taron Kara Wa Juna Sani #86,Shugaba Nana Akufo-Addo ya gudanar da ziyarar aiki zuwa birnin Takoradi domin duba matakin ginin sabon asibitin shiyyar. Nana Akufo-Addo ya jaddada cewa gwamnatinsa za ta ci gaba da inganta fannin kiwon lafiya a yankin Takoradi da Sekondi domin asibitin ya hidimta wa al'umma cikin tsaro da inganci. Wannan rahoton ya fito ne daga manema labarai na BBC Hausa a shiyyar Yammacin Afrika. Manazarta sun jaddada cewa ci gaba da kula da wannan fanni zai kawo zaman lafiya da bunkasar tattalin arziki a tsakanin al'umma.,BBC Hausa Correspondent,2026-07-11,Kulawa da Lafiya,"Ghana, Akufo-Addo, Takoradi, Lafiya",BBC Hausa,https://www.bbc.com/hausa/articles/c905833a,https://images.unsplash.com/photo-1586773860418-d37222d8fce3?w=800&q=80,True
Shirin Horar da Matasa kan Fasaha da Binciken Bayanai a Kumasi - Taron Kara Wa Juna Sani #87,Cibiyar bunkasa fasaha ta shiyyar Ashanti da ke birnin Kumasi ta kaddamar da shirin horar da matasa daruruwa kan dabarun kera manhajoji da sarrafa intanet. Matasan sun nuna jin dadinsu sosai inda suka ce wannan horo zai bude musu damammakin samun aiki a Ghana da kasashen waje. Wannan rahoton ya fito ne daga manema labarai na BBC Hausa a shiyyar Yammacin Afrika. Manazarta sun jaddada cewa ci gaba da kula da wannan fanni zai kawo zaman lafiya da bunkasar tattalin arziki a tsakanin al'umma.,BBC Hausa Correspondent,2026-07-10,Fasaha,"Ghana, Kumasi, Ashanti, Fasaha",BBC Hausa,https://www.bbc.com/hausa/articles/c540782a,https://images.unsplash.com/photo-1531482615713-2afd69097998?w=800&q=80,True
ECOWAS ta Gudanar da Taron Sirri Kan Tsaro a Yammacin Afrika - Taron Kara Wa Juna Sani #88,Shugabannin kasashe membobin kungiyar ECOWAS sun gudanar da taro ta hanyar bidiyo domin tattauna halin da tsaro ke ciki a yankin Sahel da Yammacin Afrika. Taron ya jaddada muhimmancin ba da goyon baya ga rundunonin tsaro domin tabbatar da zaman lafiya. Wannan rahoton ya fito ne daga manema labarai na VOA Hausa a shiyyar Yammacin Afrika. Manazarta sun jaddada cewa ci gaba da kula da wannan fanni zai kawo zaman lafiya da bunkasar tattalin arziki a tsakanin al'umma.,VOA Hausa Correspondent,2026-07-09,Afrika,"ECOWAS, Tsaro, Yammacin Afrika",VOA Hausa,https://www.voahausa.com/a/ecowas-ta-gudanar-da-taron-sirri-kan-tsaro-a-yammacin-afrika---taron-kara-wa-juna-sani-88/7171296.html,https://images.unsplash.com/photo-1526304640581-d334cdbbf45e?w=800&q=80,False
Kwamitin Majalisar Dokokin Ghana (Parliament) a Accra ya Tattauna kan Ilimin Mata - Taron Kara Wa Juna Sani #89,"Mambobin majalisar dokoki (Parliament) da ke birnin Accra sun gudanar da zaman taro na musamman kan hanyoyin karfafa gwiwar mata wajen zuwa makarantun gaba da sekandari. Kwamitin ya buƙaci gwamnati ta kara kudaden tallafi ga dalibai a shiyyoyin Volta, Ashanti da Northern Region. Wannan rahoton ya fito ne daga manema labarai na VOA Hausa a shiyyar Yammacin Afrika. Manazarta sun jaddada cewa ci gaba da kula da wannan fanni zai kawo zaman lafiya da bunkasar tattalin arziki a tsakanin al'umma.",VOA Hausa Correspondent,2026-07-08,Siyasa,"Ghana, Accra, Parliament, Volta, Ashanti",VOA Hausa,https://www.voahausa.com/a/kwamitin-majalisar-dokokin-ghana-parliament-a-accra-ya-tattauna-kan-ilimin-mata---taron-kara-wa-juna-sani-89/7562017.html,https://images.unsplash.com/photo-1526304640581-d334cdbbf45e?w=800&q=80,True
Shirin Horar da Matasa kan Fasaha da Binciken Bayanai a Kumasi - Taron Kara Wa Juna Sani #90,Cibiyar bunkasa fasaha ta shiyyar Ashanti da ke birnin Kumasi ta kaddamar da shirin horar da matasa daruruwa kan dabarun kera manhajoji da sarrafa intanet. Matasan sun nuna jin dadinsu sosai inda suka ce wannan horo zai bude musu damammakin samun aiki a Ghana da kasashen waje. Wannan rahoton ya fito ne daga manema labarai na DW Hausa a shiyyar Yammacin Afrika. Manazarta sun jaddada cewa ci gaba da kula da wannan fanni zai kawo zaman lafiya da bunkasar tattalin arziki a tsakanin al'umma.,DW Hausa Correspondent,2026-07-07,Fasaha,"Ghana, Kumasi, Ashanti, Fasaha",DW Hausa,https://www.dw.com/ha/shirin-horar-da-matasa-kan-fasaha-da-binciken-bayanai-a-kumasi---taron-kara-wa-juna-sani-90/a-6556532,https://images.unsplash.com/photo-1531482615713-2afd69097998?w=800&q=80,True
Kasanin Binciken Kimiyya: Sabuwar Hanyar Yin Amfani da Karfin Rana - Taron Kara Wa Juna Sani #91,Masanan kimiyya daga jami'o'in nahiyar Afrika da Turai sun kera sabon nau'in na'urar hasken rana mai karfi da ke aiki ko da gari ya yi gajimare. Wannan fasaha za ta rage kudin wutar lantarki ga iyaye da kasuwanni a kasashen da ke tasowa. Wannan rahoton ya fito ne daga manema labarai na DW Hausa a shiyyar Yammacin Afrika. Manazarta sun jaddada cewa ci gaba da kula da wannan fanni zai kawo zaman lafiya da bunkasar tattalin arziki a tsakanin al'umma.,DW Hausa Correspondent,2026-07-06,Fasaha,"Fasaha, Hasken Rana, Kimiyya",DW Hausa,https://www.dw.com/ha/kasanin-binciken-kimiyya-sabuwar-hanyar-yin-amfani-da-karfin-rana---taron-kara-wa-juna-sani-91/a-6524396,https://images.unsplash.com/photo-1509391365360-2e959784a276?w=800&q=80,False
Murnar Bikin Gargajiya a Shiyyar Volta: Dubban Mutane sun Hallara - Taron Kara Wa Juna Sani #92,"Al'ummomin shiyyar Volta a kasar Ghana sun gudanar da bukin gargajiya na shekara-shekara domin nuna godiya ga albarkar amfanin gona. Taron ya sami halartar sarakunan gargajiya, 'yan majalisa da baki daga garuruwan Kumasi da Accra. Wannan rahoton ya fito ne daga manema labarai na VOA Hausa a shiyyar Yammacin Afrika. Manazarta sun jaddada cewa ci gaba da kula da wannan fanni zai kawo zaman lafiya da bunkasar tattalin arziki a tsakanin al'umma.",VOA Hausa Correspondent,2026-07-05,Al'adu,"Ghana, Volta, Al'adu, Accra, Kumasi",VOA Hausa,https://www.voahausa.com/a/murnar-bikin-gargajiya-a-shiyyar-volta-dubban-mutane-sun-hallara---taron-kara-wa-juna-sani-92/7348519.html,https://images.unsplash.com/photo-1511632765486-a01980e01a18?w=800&q=80,True
Bunkasa Amfani da Ghana Card wajen Yin Rajistar Layukan Waya da Banki - Taron Kara Wa Juna Sani #93,"Hukumar katin shaida ta kasar Ghana ta bayyana cewa kashi 85 cikin dari na 'yan kasar a birane kamar Accra, Kumasi da Takoradi sun sami katin Ghana Card. Wannan katin shaida ya sauƙaƙa wa mutane harkar banki da rajistar layukan salula a fadin kasar. Wannan rahoton ya fito ne daga manema labarai na DW Hausa a shiyyar Yammacin Afrika. Manazarta sun jaddada cewa ci gaba da kula da wannan fanni zai kawo zaman lafiya da bunkasar tattalin arziki a tsakanin al'umma.",DW Hausa Correspondent,2026-07-04,Fasaha,"Ghana, Ghana Card, Accra, Kumasi, Takoradi",DW Hausa,https://www.dw.com/ha/bunkasa-amfani-da-ghana-card-wajen-yin-rajistar-layukan-waya-da-banki---taron-kara-wa-juna-sani-93/a-6384465,https://images.unsplash.com/photo-1523821741446-edb2b68bb7a0?w=800&q=80,True
Gasar Kofin Duniya: Shirye-Shiryen Kungiyoyin Afrika gabanin Fafatawa - Taron Kara Wa Juna Sani #94,"Kociyoyin kungiyoyin kafa na nahiyar Afrika kamar Senegal, Morocco da Kamaru sun fara tantance 'yan wasansu domin gasar kofin duniya mai zuwa. Masana harkokin wasanni sun hango yiwuwar kasashen Afrika su tsallake zuwa matakan kusa da na karshe. Wannan rahoton ya fito ne daga manema labarai na VOA Hausa a shiyyar Yammacin Afrika. Manazarta sun jaddada cewa ci gaba da kula da wannan fanni zai kawo zaman lafiya da bunkasar tattalin arziki a tsakanin al'umma.",VOA Hausa Correspondent,2026-07-03,Wasanni,"Wasanni, Afrika, Kofin Duniya",VOA Hausa,https://www.voahausa.com/a/gasar-kofin-duniya-shirye-shiryen-kungiyoyin-afrika-gabanin-fafatawa---taron-kara-wa-juna-sani-94/7146597.html,https://images.unsplash.com/photo-1579952363873-27f3bade9f55?w=800&q=80,False
Shugaban Kasa Nana Akufo-Addo ya Ziyarci Asibitin Yammacin Ghana a Takoradi - Taron Kara Wa Juna Sani #95,Shugaba Nana Akufo-Addo ya gudanar da ziyarar aiki zuwa birnin Takoradi domin duba matakin ginin sabon asibitin shiyyar. Nana Akufo-Addo ya jaddada cewa gwamnatinsa za ta ci gaba da inganta fannin kiwon lafiya a yankin Takoradi da Sekondi domin asibitin ya hidimta wa al'umma cikin tsaro da inganci. Wannan rahoton ya fito ne daga manema labarai na BBC Hausa a shiyyar Yammacin Afrika. Manazarta sun jaddada cewa ci gaba da kula da wannan fanni zai kawo zaman lafiya da bunkasar tattalin arziki a tsakanin al'umma.,BBC Hausa Correspondent,2026-07-02,Kulawa da Lafiya,"Ghana, Akufo-Addo, Takoradi, Lafiya",BBC Hausa,https://www.bbc.com/hausa/articles/c777128a,https://images.unsplash.com/photo-1586773860418-d37222d8fce3?w=800&q=80,True
Bunkasa Amfani da Ghana Card wajen Yin Rajistar Layukan Waya da Banki - Taron Kara Wa Juna Sani #96,"Hukumar katin shaida ta kasar Ghana ta bayyana cewa kashi 85 cikin dari na 'yan kasar a birane kamar Accra, Kumasi da Takoradi sun sami katin Ghana Card. Wannan katin shaida ya sauƙaƙa wa mutane harkar banki da rajistar layukan salula a fadin kasar. Wannan rahoton ya fito ne daga manema labarai na BBC Hausa a shiyyar Yammacin Afrika. Manazarta sun jaddada cewa ci gaba da kula da wannan fanni zai kawo zaman lafiya da bunkasar tattalin arziki a tsakanin al'umma.",BBC Hausa Correspondent,2026-07-01,Fasaha,"Ghana, Ghana Card, Accra, Kumasi, Takoradi",BBC Hausa,https://www.bbc.com/hausa/articles/c510559a,https://images.unsplash.com/photo-1523821741446-edb2b68bb7a0?w=800&q=80,True
Gasar Kofin Duniya: Shirye-Shiryen Kungiyoyin Afrika gabanin Fafatawa - Taron Kara Wa Juna Sani #97,"Kociyoyin kungiyoyin kafa na nahiyar Afrika kamar Senegal, Morocco da Kamaru sun fara tantance 'yan wasansu domin gasar kofin duniya mai zuwa. Masana harkokin wasanni sun hango yiwuwar kasashen Afrika su tsallake zuwa matakan kusa da na karshe. Wannan rahoton ya fito ne daga manema labarai na VOA Hausa a shiyyar Yammacin Afrika. Manazarta sun jaddada cewa ci gaba da kula da wannan fanni zai kawo zaman lafiya da bunkasar tattalin arziki a tsakanin al'umma.",VOA Hausa Correspondent,2026-06-30,Wasanni,"Wasanni, Afrika, Kofin Duniya",VOA Hausa,https://www.voahausa.com/a/gasar-kofin-duniya-shirye-shiryen-kungiyoyin-afrika-gabanin-fafatawa---taron-kara-wa-juna-sani-97/7837108.html,https://images.unsplash.com/photo-1579952363873-27f3bade9f55?w=800&q=80,False
Miyagun Kwayoyi: Rundunar 'Yan Sanda ta Kamfanin Tsaro a Accra da Tamale - Taron Kara Wa Juna Sani #98,Jami'an rundunar 'yan sandan Ghana sun gudanar da samamen ba-zata a sassa daban-daban na biranen Accra da Tamale inda suka kama mutane da ake zargi da fataucin miyagun kwayoyi. Kwamishinan 'yan sandan ya jaddada aniyar rundunar ta tsabtace birane. Wannan rahoton ya fito ne daga manema labarai na DW Hausa a shiyyar Yammacin Afrika. Manazarta sun jaddada cewa ci gaba da kula da wannan fanni zai kawo zaman lafiya da bunkasar tattalin arziki a tsakanin al'umma.,DW Hausa Correspondent,2026-06-29,Labarai,"Ghana, Accra, Tamale, Tsaro",DW Hausa,https://www.dw.com/ha/miyagun-kwayoyi-rundunar-yan-sanda-ta-kamfanin-tsaro-a-accra-da-tamale---taron-kara-wa-juna-sani-98/a-6434056,https://images.unsplash.com/photo-1526304640581-d334cdbbf45e?w=800&q=80,True
Kocin Tawagar Black Stars ya Bayyana Shirin Wasan Neman Gurbin Kofin Afrika - Taron Kara Wa Juna Sani #99,Tawagar kwallon kafa ta Ghana wato Black Stars ta fara atisaye mai tsanani gabanin wasan neman gurbin shiga gasar kofin nahiyar Afrika. 'Yan wasan na Black Stars da ke buga wasa a kasashen Turai sun isa birnin Accra da Kumasi domin haɗuwa da sauran takwarorinsu na gida. Wannan rahoton ya fito ne daga manema labarai na BBC Hausa a shiyyar Yammacin Afrika. Manazarta sun jaddada cewa ci gaba da kula da wannan fanni zai kawo zaman lafiya da bunkasar tattalin arziki a tsakanin al'umma.,BBC Hausa Correspondent,2026-06-28,Wasanni,"Ghana, Black Stars, Accra, Kumasi, Wasanni",BBC Hausa,https://www.bbc.com/hausa/articles/c890526a,https://images.unsplash.com/photo-1508098682722-e99c43a406b2?w=800&q=80,True
Bunkasa Hada-Hadar Kasuwanci Tsakanin Najeriya da Jamhuriyar Nijar - Taron Kara Wa Juna Sani #100,"'Yan kasuwa a garuruwan kan iyaka kamar Katsina, Jibia da Maradi sun bayyana cewa bude kan iyakoki ya bunkasa safarar abinci da tufafi. Hukumar fito ta kasashen biyu ta yi alkawarin ci gaba da ba da damar gudanar da kasuwanci cikin lumana. Wannan rahoton ya fito ne daga manema labarai na VOA Hausa a shiyyar Yammacin Afrika. Manazarta sun jaddada cewa ci gaba da kula da wannan fanni zai kawo zaman lafiya da bunkasar tattalin arziki a tsakanin al'umma.",VOA Hausa Correspondent,2026-06-27,Tattalin Arziki,"Najeriya, Nijar, Kasuwanci",VOA Hausa,https://www.voahausa.com/a/bunkasa-hada-hadar-kasuwanci-tsakanin-najeriya-da-jamhuriyar-nijar---taron-kara-wa-juna-sani-100/7243276.html,https://images.unsplash.com/photo-1454165804606-c3d57bc86b40?w=800&q=80,False
Shirin Noma na Zamani a Birnin Tamale da Shiyyar Northern Region - Taron Kara Wa Juna Sani #101,"Gwamnatin Ghana da abokan hulɗa na kasa da kasa sun rarraba na'urorin feshin maganin kwari da ingantattun irabuka ga manoma a kewayen birnin Tamale. Wannan dauki zai taimaka wa manoman Northern Region wajen bunkasa samar da masara, shinkafa da waken suya a wannan shekara. Wannan rahoton ya fito ne daga manema labarai na VOA Hausa a shiyyar Yammacin Afrika. Manazarta sun jaddada cewa ci gaba da kula da wannan fanni zai kawo zaman lafiya da bunkasar tattalin arziki a tsakanin al'umma.",VOA Hausa Correspondent,2026-07-21,Noma,"Ghana, Tamale, Northern Region, Noma",VOA Hausa,https://www.voahausa.com/a/shirin-noma-na-zamani-a-birnin-tamale-da-shiyyar-northern-region---taron-kara-wa-juna-sani-101/7303235.html,https://images.unsplash.com/photo-1500382017468-9049fed747ef?w=800&q=80,True
John Mahama ya Gabatar da Jawabi kan Farfado da Tattalin Arzikin Ghana - Taron Kara Wa Juna Sani #102,"Tsohon shugaban kasar Ghana John Mahama ya gabatar da jawabi mai tsawo gaban 'yan jarida a birnin Accra. John Mahama ya kalubalanci ma'aikatar kudi kan rashin daukar matakan dakile hauhawar farashi a kasuwannin Kumasi, Tamale da Cape Coast. Mahama ya yi alkawarin sauye-sauye idan 'yan kasar suka zabe shi. Wannan rahoton ya fito ne daga manema labarai na DW Hausa a shiyyar Yammacin Afrika. Manazarta sun jaddada cewa ci gaba da kula da wannan fanni zai kawo zaman lafiya da bunkasar tattalin arziki a tsakanin al'umma.",DW Hausa Correspondent,2026-07-20,Siyasa,"Ghana, Mahama, Accra, Kumasi, Cape Coast",DW Hausa,https://www.dw.com/ha/john-mahama-ya-gabatar-da-jawabi-kan-farfado-da-tattalin-arzikin-ghana---taron-kara-wa-juna-sani-102/a-6741963,https://images.unsplash.com/photo-1540910419892-4a36d2c3266c?w=800&q=80,True
Gasar Kofin Duniya: Shirye-Shiryen Kungiyoyin Afrika gabanin Fafatawa - Taron Kara Wa Juna Sani #103,"Kociyoyin kungiyoyin kafa na nahiyar Afrika kamar Senegal, Morocco da Kamaru sun fara tantance 'yan wasansu domin gasar kofin duniya mai zuwa. Masana harkokin wasanni sun hango yiwuwar kasashen Afrika su tsallake zuwa matakan kusa da na karshe. Wannan rahoton ya fito ne daga manema labarai na VOA Hausa a shiyyar Yammacin Afrika. Manazarta sun jaddada cewa ci gaba da kula da wannan fanni zai kawo zaman lafiya da bunkasar tattalin arziki a tsakanin al'umma.",VOA Hausa Correspondent,2026-07-19,Wasanni,"Wasanni, Afrika, Kofin Duniya",VOA Hausa,https://www.voahausa.com/a/gasar-kofin-duniya-shirye-shiryen-kungiyoyin-afrika-gabanin-fafatawa---taron-kara-wa-juna-sani-103/7011539.html,https://images.unsplash.com/photo-1579952363873-27f3bade9f55?w=800&q=80,False
Murnar Bikin Gargajiya a Shiyyar Volta: Dubban Mutane sun Hallara - Taron Kara Wa Juna Sani #104,"Al'ummomin shiyyar Volta a kasar Ghana sun gudanar da bukin gargajiya na shekara-shekara domin nuna godiya ga albarkar amfanin gona. Taron ya sami halartar sarakunan gargajiya, 'yan majalisa da baki daga garuruwan Kumasi da Accra. Wannan rahoton ya fito ne daga manema labarai na DW Hausa a shiyyar Yammacin Afrika. Manazarta sun jaddada cewa ci gaba da kula da wannan fanni zai kawo zaman lafiya da bunkasar tattalin arziki a tsakanin al'umma.",DW Hausa Correspondent,2026-07-18,Al'adu,"Ghana, Volta, Al'adu, Accra, Kumasi",DW Hausa,https://www.dw.com/ha/murnar-bikin-gargajiya-a-shiyyar-volta-dubban-mutane-sun-hallara---taron-kara-wa-juna-sani-104/a-6130036,https://images.unsplash.com/photo-1511632765486-a01980e01a18?w=800&q=80,True
Gyaran Hanyoyin Mota da ke Haɗa Cape Coast da Birnin Accra - Taron Kara Wa Juna Sani #105,Ma'aikatar ayyuka da gine-gine ta Ghana ta kaddamar da aikin fadada babbar hanyar mota tsakanin birnin Cape Coast da Accra. Wannan aikin gyaran hanya zai rage tsawon lokacin da 'yan kasuwa ke dauka yayin sufurin kayayyaki tsakanin garuruwan biyu. Wannan rahoton ya fito ne daga manema labarai na VOA Hausa a shiyyar Yammacin Afrika. Manazarta sun jaddada cewa ci gaba da kula da wannan fanni zai kawo zaman lafiya da bunkasar tattalin arziki a tsakanin al'umma.,VOA Hausa Correspondent,2026-07-17,Tattalin Arziki,"Ghana, Cape Coast, Accra, Hanyoyi",VOA Hausa,https://www.voahausa.com/a/gyaran-hanyoyin-mota-da-ke-haɗa-cape-coast-da-birnin-accra---taron-kara-wa-juna-sani-105/7682172.html,https://images.unsplash.com/photo-1578575437130-527eed3abbec?w=800&q=80,True
[Facebook Post] Wasannin Motsa Jiki na Matasa a Accra (2026-07-21),"Sama da matasa dari biyar sun halarci gasar tseren gudu a birnin Accra na Ghana. Nasara tana tare da masu juriya! #Accra #Wasanni #Ghana #Matasa

[Facebook Insights: 823 Likes | 196 Comments | 119 Shares]",Facebook (Ghana Hausa Youth) Admin,2026-07-21,Social Media (Facebook),"Facebook, Accra, Ghana, Wasanni",Facebook (Ghana Hausa Youth),https://www.facebook.com/story.php?story_fbid=1726011884&id=1000650,https://images.unsplash.com/photo-1461896836934-ffe607ba8211?w=800&q=80,True
[Facebook Post] Hada-Hadar Kasuwancin Afrika na ECOWAS (2026-07-20),"Kungiyar ECOWAS ta yi kira ga kasashen Yammacin Afrika da su sauƙaƙa zirga-zirgar 'yan kasuwa. Wannan zai taimaka sosai wajen kasuwanci tsakanin Najeriya, Ghana, da Nijar. #ECOWAS #Ghana #Najeriya #Nijar

[Facebook Insights: 345 Likes | 216 Comments | 71 Shares]",Facebook (Ghana Hausa Youth) Admin,2026-07-20,Social Media (Facebook),"Facebook, ECOWAS, Ghana, Najeriya, Kasuwanci",Facebook (Ghana Hausa Youth),https://www.facebook.com/story.php?story_fbid=3745554831&id=1000851,https://images.unsplash.com/photo-1454165804606-c3d57bc86b40?w=800&q=80,True
[Facebook Post] Siyasar Ghana da Zaben Mai Zuwa (2026-07-19),"John Mahama ko Nana Akufo-Addo / NDC ko NPP? Shin wane tsarin siyasa kuke ganin zai fi taimakawa 'yan kasuwar Kumasi da Accra wajen sauƙaƙa haraji? Ku kasance tare da mu a shafin Facebook. #Ghana #Siyasa #Mahama #Accra

[Facebook Insights: 833 Likes | 214 Comments | 115 Shares]",Facebook (Accra Zongo Media) Admin,2026-07-19,Social Media (Facebook),"Facebook, Ghana, Mahama, Akufo-Addo, Siyasa",Facebook (Accra Zongo Media),https://www.facebook.com/story.php?story_fbid=9481740496&id=1000600,https://images.unsplash.com/photo-1540910419892-4a36d2c3266c?w=800&q=80,True
[Facebook Post] Taron Majalisar Dokokin Ghana (Parliament) a Accra (2026-07-18),"Tattaunawa mai zafi a majalisar dokokin Ghana Parliament da ke Accra kan kasafin kudi na fannin ilimi da lafiya. Muna rokon 'yan majalisa da su duba halin da talakawa ke ciki a shiyyoyin Volta da Ashanti. #Parliament #Accra #Ghana #Volta

[Facebook Insights: 431 Likes | 229 Comments | 25 Shares]",Facebook (BBC Hausa) Admin,2026-07-18,Social Media (Facebook),"Facebook, Parliament, Accra, Ghana, Volta",Facebook (BBC Hausa),https://www.facebook.com/story.php?story_fbid=3712298973&id=1000595,https://images.unsplash.com/photo-1526304640581-d334cdbbf45e?w=800&q=80,True
[Facebook Post] Taron Majalisar Dokokin Ghana (Parliament) a Accra (2026-07-17),"Tattaunawa mai zafi a majalisar dokokin Ghana Parliament da ke Accra kan kasafin kudi na fannin ilimi da lafiya. Muna rokon 'yan majalisa da su duba halin da talakawa ke ciki a shiyyoyin Volta da Ashanti. #Parliament #Accra #Ghana #Volta

[Facebook Insights: 133 Likes | 80 Comments | 67 Shares]",Facebook (DW Hausa) Admin,2026-07-17,Social Media (Facebook),"Facebook, Parliament, Accra, Ghana, Volta",Facebook (DW Hausa),https://www.facebook.com/story.php?story_fbid=8241964671&id=1000589,https://images.unsplash.com/photo-1526304640581-d334cdbbf45e?w=800&q=80,True
[Facebook Post] Wasannin Motsa Jiki na Matasa a Accra (2026-07-16),"Sama da matasa dari biyar sun halarci gasar tseren gudu a birnin Accra na Ghana. Nasara tana tare da masu juriya! #Accra #Wasanni #Ghana #Matasa

[Facebook Insights: 275 Likes | 258 Comments | 139 Shares]",Facebook (Accra Zongo Media) Admin,2026-07-16,Social Media (Facebook),"Facebook, Accra, Ghana, Wasanni",Facebook (Accra Zongo Media),https://www.facebook.com/story.php?story_fbid=5405142663&id=1000173,https://images.unsplash.com/photo-1461896836934-ffe607ba8211?w=800&q=80,True
[Facebook Post] Siyasar Ghana da Zaben Mai Zuwa (2026-07-15),"John Mahama ko Nana Akufo-Addo / NDC ko NPP? Shin wane tsarin siyasa kuke ganin zai fi taimakawa 'yan kasuwar Kumasi da Accra wajen sauƙaƙa haraji? Ku kasance tare da mu a shafin Facebook. #Ghana #Siyasa #Mahama #Accra

[Facebook Insights: 818 Likes | 30 Comments | 88 Shares]",Facebook (Kumasi Hausa Community) Admin,2026-07-15,Social Media (Facebook),"Facebook, Ghana, Mahama, Akufo-Addo, Siyasa",Facebook (Kumasi Hausa Community),https://www.facebook.com/story.php?story_fbid=2112544095&id=1000570,https://images.unsplash.com/photo-1540910419892-4a36d2c3266c?w=800&q=80,True
[Facebook Post] Siyasar Ghana da Zaben Mai Zuwa (2026-07-14),"John Mahama ko Nana Akufo-Addo / NDC ko NPP? Shin wane tsarin siyasa kuke ganin zai fi taimakawa 'yan kasuwar Kumasi da Accra wajen sauƙaƙa haraji? Ku kasance tare da mu a shafin Facebook. #Ghana #Siyasa #Mahama #Accra

[Facebook Insights: 256 Likes | 57 Comments | 26 Shares]",Facebook (BBC Hausa) Admin,2026-07-14,Social Media (Facebook),"Facebook, Ghana, Mahama, Akufo-Addo, Siyasa",Facebook (BBC Hausa),https://www.facebook.com/story.php?story_fbid=4698720380&id=1000238,https://images.unsplash.com/photo-1540910419892-4a36d2c3266c?w=800&q=80,True
[Facebook Post] Kasuwar Makola a Accra da Farashin Abinci (2026-07-13),"Farashin shinkafa da masara ya dan sauka a kasuwar Makola da ke Accra bayan 'yan kasuwa sun sami sabbin kayayyaki daga Northern Region. Muna fatan wannan sauki zai dore har zuwa karshen shekara. #Accra #Makola #Ghana #Kasuwanci

[Facebook Insights: 146 Likes | 124 Comments | 30 Shares]",Facebook (VOA Hausa) Admin,2026-07-13,Social Media (Facebook),"Facebook, Accra, Northern Region, Ghana, Kasuwanci",Facebook (VOA Hausa),https://www.facebook.com/story.php?story_fbid=2865122492&id=1000313,https://images.unsplash.com/photo-1547471080-7cc2caa01a7e?w=800&q=80,True
[Facebook Post] Wasannin Motsa Jiki na Matasa a Accra (2026-07-12),"Sama da matasa dari biyar sun halarci gasar tseren gudu a birnin Accra na Ghana. Nasara tana tare da masu juriya! #Accra #Wasanni #Ghana #Matasa

[Facebook Insights: 1042 Likes | 76 Comments | 72 Shares]",Facebook (Ghana Hausa Youth) Admin,2026-07-12,Social Media (Facebook),"Facebook, Accra, Ghana, Wasanni",Facebook (Ghana Hausa Youth),https://www.facebook.com/story.php?story_fbid=7965606189&id=1000155,https://images.unsplash.com/photo-1461896836934-ffe607ba8211?w=800&q=80,True
[Facebook Post] Nasarar Black Stars a Tamale (2026-07-21),"Murna da farin ciki a Tamale! Masoya kwallon kafa a Arewacin Ghana sun cika filin wasa na Tamale domin ba wa tawagar Black Stars kwarin gwiwa. Albarka gare ku 'yan wasanmu! #BlackStars #Tamale #Ghana #Wasanni

[Facebook Insights: 1066 Likes | 197 Comments | 97 Shares]",Facebook (BBC Hausa) Admin,2026-07-21,Social Media (Facebook),"Facebook, Black Stars, Tamale, Ghana, Wasanni",Facebook (BBC Hausa),https://www.facebook.com/story.php?story_fbid=9425951942&id=1000434,https://images.unsplash.com/photo-1508098682722-e99c43a406b2?w=800&q=80,True
[Facebook Post] Siyasar Ghana da Zaben Mai Zuwa (2026-07-20),"John Mahama ko Nana Akufo-Addo / NDC ko NPP? Shin wane tsarin siyasa kuke ganin zai fi taimakawa 'yan kasuwar Kumasi da Accra wajen sauƙaƙa haraji? Ku kasance tare da mu a shafin Facebook. #Ghana #Siyasa #Mahama #Accra

[Facebook Insights: 552 Likes | 32 Comments | 26 Shares]",Facebook (Accra Zongo Media) Admin,2026-07-20,Social Media (Facebook),"Facebook, Ghana, Mahama, Akufo-Addo, Siyasa",Facebook (Accra Zongo Media),https://www.facebook.com/story.php?story_fbid=8797170394&id=1000303,https://images.unsplash.com/photo-1540910419892-4a36d2c3266c?w=800&q=80,True
[Facebook Post] Ayyukan Taimakawa Matasa a Takoradi da Cape Coast (2026-07-19),"Kungiyar matasan Takoradi sun gudanar da aikin tsaftace mahalli da duba lafiyar jama'a kyauta a garin Cape Coast. Muna murna da irin wannan yunkuri na kishi da son juna. #Takoradi #CapeCoast #Ghana #Matasa

[Facebook Insights: 989 Likes | 36 Comments | 77 Shares]",Facebook (Kumasi Hausa Community) Admin,2026-07-19,Social Media (Facebook),"Facebook, Takoradi, Cape Coast, Ghana, Lafiya",Facebook (Kumasi Hausa Community),https://www.facebook.com/story.php?story_fbid=3689573012&id=1000855,https://images.unsplash.com/photo-1586773860418-d37222d8fce3?w=800&q=80,True
[Facebook Post] Siyasar Ghana da Zaben Mai Zuwa (2026-07-18),"John Mahama ko Nana Akufo-Addo / NDC ko NPP? Shin wane tsarin siyasa kuke ganin zai fi taimakawa 'yan kasuwar Kumasi da Accra wajen sauƙaƙa haraji? Ku kasance tare da mu a shafin Facebook. #Ghana #Siyasa #Mahama #Accra

[Facebook Insights: 643 Likes | 292 Comments | 115 Shares]",Facebook (Accra Zongo Media) Admin,2026-07-18,Social Media (Facebook),"Facebook, Ghana, Mahama, Akufo-Addo, Siyasa",Facebook (Accra Zongo Media),https://www.facebook.com/story.php?story_fbid=2049922542&id=1000643,https://images.unsplash.com/photo-1540910419892-4a36d2c3266c?w=800&q=80,True
[Facebook Post] Taron Majalisar Dokokin Ghana (Parliament) a Accra (2026-07-17),"Tattaunawa mai zafi a majalisar dokokin Ghana Parliament da ke Accra kan kasafin kudi na fannin ilimi da lafiya. Muna rokon 'yan majalisa da su duba halin da talakawa ke ciki a shiyyoyin Volta da Ashanti. #Parliament #Accra #Ghana #Volta

[Facebook Insights: 216 Likes | 193 Comments | 95 Shares]",Facebook (VOA Hausa) Admin,2026-07-17,Social Media (Facebook),"Facebook, Parliament, Accra, Ghana, Volta",Facebook (VOA Hausa),https://www.facebook.com/story.php?story_fbid=3057222302&id=1000876,https://images.unsplash.com/photo-1526304640581-d334cdbbf45e?w=800&q=80,True
[Facebook Post] Siyasar Ghana da Zaben Mai Zuwa (2026-07-16),"John Mahama ko Nana Akufo-Addo / NDC ko NPP? Shin wane tsarin siyasa kuke ganin zai fi taimakawa 'yan kasuwar Kumasi da Accra wajen sauƙaƙa haraji? Ku kasance tare da mu a shafin Facebook. #Ghana #Siyasa #Mahama #Accra

[Facebook Insights: 689 Likes | 182 Comments | 34 Shares]",Facebook (Accra Zongo Media) Admin,2026-07-16,Social Media (Facebook),"Facebook, Ghana, Mahama, Akufo-Addo, Siyasa",Facebook (Accra Zongo Media),https://www.facebook.com/story.php?story_fbid=1859120018&id=1000852,https://images.unsplash.com/photo-1540910419892-4a36d2c3266c?w=800&q=80,True
[Facebook Post] Wutar Lantarki ta ECG a Accra (2026-07-15),"Sannunku da yamma! Mutanen birnin Accra na korafi kan yadda kamfanin ECG ke yanke wutar lantarki a kasuwanni da unguwanni. Shin yaya abin yake a yankinku a yau? Ku rubuta mana ra'ayoyinku a kasa! #Ghana #Accra #ECG #Wuta

[Facebook Insights: 704 Likes | 326 Comments | 58 Shares]",Facebook (Ghana Hausa Youth) Admin,2026-07-15,Social Media (Facebook),"Facebook, Accra, ECG, Ghana, Wutar Lantarki",Facebook (Ghana Hausa Youth),https://www.facebook.com/story.php?story_fbid=9544012272&id=1000574,https://images.unsplash.com/photo-1473341304170-971dccb5ac1e?w=800&q=80,True
[Facebook Post] Ayyukan Taimakawa Matasa a Takoradi da Cape Coast (2026-07-14),"Kungiyar matasan Takoradi sun gudanar da aikin tsaftace mahalli da duba lafiyar jama'a kyauta a garin Cape Coast. Muna murna da irin wannan yunkuri na kishi da son juna. #Takoradi #CapeCoast #Ghana #Matasa

[Facebook Insights: 252 Likes | 163 Comments | 78 Shares]",Facebook (Ghana Hausa Youth) Admin,2026-07-14,Social Media (Facebook),"Facebook, Takoradi, Cape Coast, Ghana, Lafiya",Facebook (Ghana Hausa Youth),https://www.facebook.com/story.php?story_fbid=6297406227&id=1000331,https://images.unsplash.com/photo-1586773860418-d37222d8fce3?w=800&q=80,True
[Facebook Post] Hada-Hadar Kasuwancin Afrika na ECOWAS (2026-07-13),"Kungiyar ECOWAS ta yi kira ga kasashen Yammacin Afrika da su sauƙaƙa zirga-zirgar 'yan kasuwa. Wannan zai taimaka sosai wajen kasuwanci tsakanin Najeriya, Ghana, da Nijar. #ECOWAS #Ghana #Najeriya #Nijar

[Facebook Insights: 259 Likes | 43 Comments | 48 Shares]",Facebook (BBC Hausa) Admin,2026-07-13,Social Media (Facebook),"Facebook, ECOWAS, Ghana, Najeriya, Kasuwanci",Facebook (BBC Hausa),https://www.facebook.com/story.php?story_fbid=7037378500&id=1000536,https://images.unsplash.com/photo-1454165804606-c3d57bc86b40?w=800&q=80,True
[Facebook Post] Hada-Hadar Kasuwancin Afrika na ECOWAS (2026-07-12),"Kungiyar ECOWAS ta yi kira ga kasashen Yammacin Afrika da su sauƙaƙa zirga-zirgar 'yan kasuwa. Wannan zai taimaka sosai wajen kasuwanci tsakanin Najeriya, Ghana, da Nijar. #ECOWAS #Ghana #Najeriya #Nijar

[Facebook Insights: 1103 Likes | 272 Comments | 101 Shares]",Facebook (Ghana Hausa Youth) Admin,2026-07-12,Social Media (Facebook),"Facebook, ECOWAS, Ghana, Najeriya, Kasuwanci",Facebook (Ghana Hausa Youth),https://www.facebook.com/story.php?story_fbid=8935475735&id=1000960,https://images.unsplash.com/photo-1454165804606-c3d57bc86b40?w=800&q=80,True
[Facebook Post] Wutar Lantarki ta ECG a Accra (2026-07-21),"Sannunku da yamma! Mutanen birnin Accra na korafi kan yadda kamfanin ECG ke yanke wutar lantarki a kasuwanni da unguwanni. Shin yaya abin yake a yankinku a yau? Ku rubuta mana ra'ayoyinku a kasa! #Ghana #Accra #ECG #Wuta

[Facebook Insights: 957 Likes | 344 Comments | 13 Shares]",Facebook (Ghana Hausa Youth) Admin,2026-07-21,Social Media (Facebook),"Facebook, Accra, ECG, Ghana, Wutar Lantarki",Facebook (Ghana Hausa Youth),https://www.facebook.com/story.php?story_fbid=8335161520&id=1000498,https://images.unsplash.com/photo-1473341304170-971dccb5ac1e?w=800&q=80,True
[Facebook Post] Taron Majalisar Dokokin Ghana (Parliament) a Accra (2026-07-20),"Tattaunawa mai zafi a majalisar dokokin Ghana Parliament da ke Accra kan kasafin kudi na fannin ilimi da lafiya. Muna rokon 'yan majalisa da su duba halin da talakawa ke ciki a shiyyoyin Volta da Ashanti. #Parliament #Accra #Ghana #Volta

[Facebook Insights: 279 Likes | 239 Comments | 81 Shares]",Facebook (Accra Zongo Media) Admin,2026-07-20,Social Media (Facebook),"Facebook, Parliament, Accra, Ghana, Volta",Facebook (Accra Zongo Media),https://www.facebook.com/story.php?story_fbid=1331539918&id=1000179,https://images.unsplash.com/photo-1526304640581-d334cdbbf45e?w=800&q=80,True
[Facebook Post] Nasarar Black Stars a Tamale (2026-07-19),"Murna da farin ciki a Tamale! Masoya kwallon kafa a Arewacin Ghana sun cika filin wasa na Tamale domin ba wa tawagar Black Stars kwarin gwiwa. Albarka gare ku 'yan wasanmu! #BlackStars #Tamale #Ghana #Wasanni

[Facebook Insights: 336 Likes | 282 Comments | 58 Shares]",Facebook (Kumasi Hausa Community) Admin,2026-07-19,Social Media (Facebook),"Facebook, Black Stars, Tamale, Ghana, Wasanni",Facebook (Kumasi Hausa Community),https://www.facebook.com/story.php?story_fbid=9400341651&id=1000981,https://images.unsplash.com/photo-1508098682722-e99c43a406b2?w=800&q=80,True
[Facebook Post] Al'adu da Zaman Lafiya a Zongo Kumasi (2026-07-18),"Zaman lafiya da haɗin kai shi ne ginshikin ci gaban al'ummarmu. Shugabannin Hausawa a Kumasi sun kulla dangantaka mai kyau da mahukunta a Ashanti. Fatan alheri ga dukkan al'umma! #Kumasi #Zongo #Ashanti #Ghana

[Facebook Insights: 128 Likes | 101 Comments | 5 Shares]",Facebook (Kumasi Hausa Community) Admin,2026-07-18,Social Media (Facebook),"Facebook, Kumasi, Ashanti, Ghana, Al'adu",Facebook (Kumasi Hausa Community),https://www.facebook.com/story.php?story_fbid=5060771731&id=1000272,https://images.unsplash.com/photo-1511632765486-a01980e01a18?w=800&q=80,True
[Facebook Post] Nasarar Black Stars a Tamale (2026-07-17),"Murna da farin ciki a Tamale! Masoya kwallon kafa a Arewacin Ghana sun cika filin wasa na Tamale domin ba wa tawagar Black Stars kwarin gwiwa. Albarka gare ku 'yan wasanmu! #BlackStars #Tamale #Ghana #Wasanni

[Facebook Insights: 168 Likes | 39 Comments | 92 Shares]",Facebook (Kumasi Hausa Community) Admin,2026-07-17,Social Media (Facebook),"Facebook, Black Stars, Tamale, Ghana, Wasanni",Facebook (Kumasi Hausa Community),https://www.facebook.com/story.php?story_fbid=2094461775&id=1000545,https://images.unsplash.com/photo-1508098682722-e99c43a406b2?w=800&q=80,True
[Facebook Post] Al'adu da Zaman Lafiya a Zongo Kumasi (2026-07-16),"Zaman lafiya da haɗin kai shi ne ginshikin ci gaban al'ummarmu. Shugabannin Hausawa a Kumasi sun kulla dangantaka mai kyau da mahukunta a Ashanti. Fatan alheri ga dukkan al'umma! #Kumasi #Zongo #Ashanti #Ghana

[Facebook Insights: 1146 Likes | 334 Comments | 93 Shares]",Facebook (Ghana Hausa Youth) Admin,2026-07-16,Social Media (Facebook),"Facebook, Kumasi, Ashanti, Ghana, Al'adu",Facebook (Ghana Hausa Youth),https://www.facebook.com/story.php?story_fbid=7358736473&id=1000918,https://images.unsplash.com/photo-1511632765486-a01980e01a18?w=800&q=80,True
[Facebook Post] Nasarar Black Stars a Tamale (2026-07-15),"Murna da farin ciki a Tamale! Masoya kwallon kafa a Arewacin Ghana sun cika filin wasa na Tamale domin ba wa tawagar Black Stars kwarin gwiwa. Albarka gare ku 'yan wasanmu! #BlackStars #Tamale #Ghana #Wasanni

[Facebook Insights: 789 Likes | 62 Comments | 61 Shares]",Facebook (DW Hausa) Admin,2026-07-15,Social Media (Facebook),"Facebook, Black Stars, Tamale, Ghana, Wasanni",Facebook (DW Hausa),https://www.facebook.com/story.php?story_fbid=8323781491&id=1000861,https://images.unsplash.com/photo-1508098682722-e99c43a406b2?w=800&q=80,True
[Facebook Post] Kasuwar Makola a Accra da Farashin Abinci (2026-07-14),"Farashin shinkafa da masara ya dan sauka a kasuwar Makola da ke Accra bayan 'yan kasuwa sun sami sabbin kayayyaki daga Northern Region. Muna fatan wannan sauki zai dore har zuwa karshen shekara. #Accra #Makola #Ghana #Kasuwanci

[Facebook Insights: 284 Likes | 205 Comments | 113 Shares]",Facebook (Kumasi Hausa Community) Admin,2026-07-14,Social Media (Facebook),"Facebook, Accra, Northern Region, Ghana, Kasuwanci",Facebook (Kumasi Hausa Community),https://www.facebook.com/story.php?story_fbid=8644548271&id=1000599,https://images.unsplash.com/photo-1547471080-7cc2caa01a7e?w=800&q=80,True
[Facebook Post] Wasannin Motsa Jiki na Matasa a Accra (2026-07-13),"Sama da matasa dari biyar sun halarci gasar tseren gudu a birnin Accra na Ghana. Nasara tana tare da masu juriya! #Accra #Wasanni #Ghana #Matasa

[Facebook Insights: 1066 Likes | 54 Comments | 34 Shares]",Facebook (Kumasi Hausa Community) Admin,2026-07-13,Social Media (Facebook),"Facebook, Accra, Ghana, Wasanni",Facebook (Kumasi Hausa Community),https://www.facebook.com/story.php?story_fbid=9792607947&id=1000165,https://images.unsplash.com/photo-1461896836934-ffe607ba8211?w=800&q=80,True
[Facebook Post] Siyasar Ghana da Zaben Mai Zuwa (2026-07-12),"John Mahama ko Nana Akufo-Addo / NDC ko NPP? Shin wane tsarin siyasa kuke ganin zai fi taimakawa 'yan kasuwar Kumasi da Accra wajen sauƙaƙa haraji? Ku kasance tare da mu a shafin Facebook. #Ghana #Siyasa #Mahama #Accra

[Facebook Insights: 124 Likes | 75 Comments | 133 Shares]",Facebook (Kumasi Hausa Community) Admin,2026-07-12,Social Media (Facebook),"Facebook, Ghana, Mahama, Akufo-Addo, Siyasa",Facebook (Kumasi Hausa Community),https://www.facebook.com/story.php?story_fbid=9087664357&id=1000515,https://images.unsplash.com/photo-1540910419892-4a36d2c3266c?w=800&q=80,True
[Facebook Post] Wasannin Motsa Jiki na Matasa a Accra (2026-07-21),"Sama da matasa dari biyar sun halarci gasar tseren gudu a birnin Accra na Ghana. Nasara tana tare da masu juriya! #Accra #Wasanni #Ghana #Matasa

[Facebook Insights: 1099 Likes | 88 Comments | 139 Shares]",Facebook (DW Hausa) Admin,2026-07-21,Social Media (Facebook),"Facebook, Accra, Ghana, Wasanni",Facebook (DW Hausa),https://www.facebook.com/story.php?story_fbid=9272041520&id=1000335,https://images.unsplash.com/photo-1461896836934-ffe607ba8211?w=800&q=80,True
[Facebook Post] Siyasar Ghana da Zaben Mai Zuwa (2026-07-20),"John Mahama ko Nana Akufo-Addo / NDC ko NPP? Shin wane tsarin siyasa kuke ganin zai fi taimakawa 'yan kasuwar Kumasi da Accra wajen sauƙaƙa haraji? Ku kasance tare da mu a shafin Facebook. #Ghana #Siyasa #Mahama #Accra

[Facebook Insights: 828 Likes | 317 Comments | 70 Shares]",Facebook (VOA Hausa) Admin,2026-07-20,Social Media (Facebook),"Facebook, Ghana, Mahama, Akufo-Addo, Siyasa",Facebook (VOA Hausa),https://www.facebook.com/story.php?story_fbid=8455238478&id=1000512,https://images.unsplash.com/photo-1540910419892-4a36d2c3266c?w=800&q=80,True
[Facebook Post] Ayyukan Taimakawa Matasa a Takoradi da Cape Coast (2026-07-19),"Kungiyar matasan Takoradi sun gudanar da aikin tsaftace mahalli da duba lafiyar jama'a kyauta a garin Cape Coast. Muna murna da irin wannan yunkuri na kishi da son juna. #Takoradi #CapeCoast #Ghana #Matasa

[Facebook Insights: 521 Likes | 305 Comments | 43 Shares]",Facebook (DW Hausa) Admin,2026-07-19,Social Media (Facebook),"Facebook, Takoradi, Cape Coast, Ghana, Lafiya",Facebook (DW Hausa),https://www.facebook.com/story.php?story_fbid=4071124200&id=1000493,https://images.unsplash.com/photo-1586773860418-d37222d8fce3?w=800&q=80,True
[Facebook Post] Tattaunawar Facebook (2026-07-18),"Hukumar rajistar 'yan kasa na ci gaba da ba da katin Ghana Card a cibiyar birnin Kumasi da kewayenta. Mutane da dama a unguwar Zongo sun bayyana farin cikinsu biyo bayan saurin samun takardar shaida. #GhanaCard #Kumasi #Ashanti #Ghana

[Facebook Insights: 74 Likes | 234 Comments | 48 Shares]",Facebook (DW Hausa) Admin,2026-07-18,Social Media (Facebook),"Facebook, Ghana Card, Kumasi, Ashanti, Ghana",Facebook (DW Hausa),https://www.facebook.com/story.php?story_fbid=5830694804&id=1000740,https://images.unsplash.com/photo-1523821741446-edb2b68bb7a0?w=800&q=80,True
[Facebook Post] Taron Majalisar Dokokin Ghana (Parliament) a Accra (2026-07-17),"Tattaunawa mai zafi a majalisar dokokin Ghana Parliament da ke Accra kan kasafin kudi na fannin ilimi da lafiya. Muna rokon 'yan majalisa da su duba halin da talakawa ke ciki a shiyyoyin Volta da Ashanti. #Parliament #Accra #Ghana #Volta

[Facebook Insights: 666 Likes | 191 Comments | 61 Shares]",Facebook (DW Hausa) Admin,2026-07-17,Social Media (Facebook),"Facebook, Parliament, Accra, Ghana, Volta",Facebook (DW Hausa),https://www.facebook.com/story.php?story_fbid=5557925649&id=1000257,https://images.unsplash.com/photo-1526304640581-d334cdbbf45e?w=800&q=80,True
[Facebook Post] Wasannin Motsa Jiki na Matasa a Accra (2026-07-16),"Sama da matasa dari biyar sun halarci gasar tseren gudu a birnin Accra na Ghana. Nasara tana tare da masu juriya! #Accra #Wasanni #Ghana #Matasa

[Facebook Insights: 1058 Likes | 191 Comments | 118 Shares]",Facebook (DW Hausa) Admin,2026-07-16,Social Media (Facebook),"Facebook, Accra, Ghana, Wasanni",Facebook (DW Hausa),https://www.facebook.com/story.php?story_fbid=8188645368&id=1000987,https://images.unsplash.com/photo-1461896836934-ffe607ba8211?w=800&q=80,True
[Facebook Post] Wasannin Motsa Jiki na Matasa a Accra (2026-07-15),"Sama da matasa dari biyar sun halarci gasar tseren gudu a birnin Accra na Ghana. Nasara tana tare da masu juriya! #Accra #Wasanni #Ghana #Matasa

[Facebook Insights: 829 Likes | 285 Comments | 48 Shares]",Facebook (DW Hausa) Admin,2026-07-15,Social Media (Facebook),"Facebook, Accra, Ghana, Wasanni",Facebook (DW Hausa),https://www.facebook.com/story.php?story_fbid=9478083885&id=1000139,https://images.unsplash.com/photo-1461896836934-ffe607ba8211?w=800&q=80,True
[Facebook Post] Siyasar Ghana da Zaben Mai Zuwa (2026-07-14),"John Mahama ko Nana Akufo-Addo / NDC ko NPP? Shin wane tsarin siyasa kuke ganin zai fi taimakawa 'yan kasuwar Kumasi da Accra wajen sauƙaƙa haraji? Ku kasance tare da mu a shafin Facebook. #Ghana #Siyasa #Mahama #Accra

[Facebook Insights: 1108 Likes | 149 Comments | 92 Shares]",Facebook (Kumasi Hausa Community) Admin,2026-07-14,Social Media (Facebook),"Facebook, Ghana, Mahama, Akufo-Addo, Siyasa",Facebook (Kumasi Hausa Community),https://www.facebook.com/story.php?story_fbid=4949820899&id=1000406,https://images.unsplash.com/photo-1540910419892-4a36d2c3266c?w=800&q=80,True
[Facebook Post] Taron Majalisar Dokokin Ghana (Parliament) a Accra (2026-07-13),"Tattaunawa mai zafi a majalisar dokokin Ghana Parliament da ke Accra kan kasafin kudi na fannin ilimi da lafiya. Muna rokon 'yan majalisa da su duba halin da talakawa ke ciki a shiyyoyin Volta da Ashanti. #Parliament #Accra #Ghana #Volta

[Facebook Insights: 681 Likes | 120 Comments | 81 Shares]",Facebook (Accra Zongo Media) Admin,2026-07-13,Social Media (Facebook),"Facebook, Parliament, Accra, Ghana, Volta",Facebook (Accra Zongo Media),https://www.facebook.com/story.php?story_fbid=7353756374&id=1000162,https://images.unsplash.com/photo-1526304640581-d334cdbbf45e?w=800&q=80,True
[Facebook Post] Hada-Hadar Kasuwancin Afrika na ECOWAS (2026-07-12),"Kungiyar ECOWAS ta yi kira ga kasashen Yammacin Afrika da su sauƙaƙa zirga-zirgar 'yan kasuwa. Wannan zai taimaka sosai wajen kasuwanci tsakanin Najeriya, Ghana, da Nijar. #ECOWAS #Ghana #Najeriya #Nijar

[Facebook Insights: 1057 Likes | 72 Comments | 9 Shares]",Facebook (VOA Hausa) Admin,2026-07-12,Social Media (Facebook),"Facebook, ECOWAS, Ghana, Najeriya, Kasuwanci",Facebook (VOA Hausa),https://www.facebook.com/story.php?story_fbid=2834861990&id=1000177,https://images.unsplash.com/photo-1454165804606-c3d57bc86b40?w=800&q=80,True
[Facebook Post] Wutar Lantarki ta ECG a Accra (2026-07-21),"Sannunku da yamma! Mutanen birnin Accra na korafi kan yadda kamfanin ECG ke yanke wutar lantarki a kasuwanni da unguwanni. Shin yaya abin yake a yankinku a yau? Ku rubuta mana ra'ayoyinku a kasa! #Ghana #Accra #ECG #Wuta

[Facebook Insights: 205 Likes | 148 Comments | 42 Shares]",Facebook (VOA Hausa) Admin,2026-07-21,Social Media (Facebook),"Facebook, Accra, ECG, Ghana, Wutar Lantarki",Facebook (VOA Hausa),https://www.facebook.com/story.php?story_fbid=9527044649&id=1000413,https://images.unsplash.com/photo-1473341304170-971dccb5ac1e?w=800&q=80,True
[Facebook Post] Taron Majalisar Dokokin Ghana (Parliament) a Accra (2026-07-20),"Tattaunawa mai zafi a majalisar dokokin Ghana Parliament da ke Accra kan kasafin kudi na fannin ilimi da lafiya. Muna rokon 'yan majalisa da su duba halin da talakawa ke ciki a shiyyoyin Volta da Ashanti. #Parliament #Accra #Ghana #Volta

[Facebook Insights: 253 Likes | 318 Comments | 113 Shares]",Facebook (Kumasi Hausa Community) Admin,2026-07-20,Social Media (Facebook),"Facebook, Parliament, Accra, Ghana, Volta",Facebook (Kumasi Hausa Community),https://www.facebook.com/story.php?story_fbid=9916549339&id=1000411,https://images.unsplash.com/photo-1526304640581-d334cdbbf45e?w=800&q=80,True
[Facebook Post] Tattaunawar Facebook (2026-07-19),"Hukumar rajistar 'yan kasa na ci gaba da ba da katin Ghana Card a cibiyar birnin Kumasi da kewayenta. Mutane da dama a unguwar Zongo sun bayyana farin cikinsu biyo bayan saurin samun takardar shaida. #GhanaCard #Kumasi #Ashanti #Ghana

[Facebook Insights: 374 Likes | 49 Comments | 125 Shares]",Facebook (Kumasi Hausa Community) Admin,2026-07-19,Social Media (Facebook),"Facebook, Ghana Card, Kumasi, Ashanti, Ghana",Facebook (Kumasi Hausa Community),https://www.facebook.com/story.php?story_fbid=7664616853&id=1000605,https://images.unsplash.com/photo-1523821741446-edb2b68bb7a0?w=800&q=80,True
[Facebook Post] Ayyukan Taimakawa Matasa a Takoradi da Cape Coast (2026-07-18),"Kungiyar matasan Takoradi sun gudanar da aikin tsaftace mahalli da duba lafiyar jama'a kyauta a garin Cape Coast. Muna murna da irin wannan yunkuri na kishi da son juna. #Takoradi #CapeCoast #Ghana #Matasa

[Facebook Insights: 999 Likes | 178 Comments | 48 Shares]",Facebook (Accra Zongo Media) Admin,2026-07-18,Social Media (Facebook),"Facebook, Takoradi, Cape Coast, Ghana, Lafiya",Facebook (Accra Zongo Media),https://www.facebook.com/story.php?story_fbid=3837287879&id=1000858,https://images.unsplash.com/photo-1586773860418-d37222d8fce3?w=800&q=80,True
[Facebook Post] Al'adu da Zaman Lafiya a Zongo Kumasi (2026-07-17),"Zaman lafiya da haɗin kai shi ne ginshikin ci gaban al'ummarmu. Shugabannin Hausawa a Kumasi sun kulla dangantaka mai kyau da mahukunta a Ashanti. Fatan alheri ga dukkan al'umma! #Kumasi #Zongo #Ashanti #Ghana

[Facebook Insights: 284 Likes | 87 Comments | 18 Shares]",Facebook (DW Hausa) Admin,2026-07-17,Social Media (Facebook),"Facebook, Kumasi, Ashanti, Ghana, Al'adu",Facebook (DW Hausa),https://www.facebook.com/story.php?story_fbid=6607473113&id=1000964,https://images.unsplash.com/photo-1511632765486-a01980e01a18?w=800&q=80,True
[Facebook Post] Hada-Hadar Kasuwancin Afrika na ECOWAS (2026-07-16),"Kungiyar ECOWAS ta yi kira ga kasashen Yammacin Afrika da su sauƙaƙa zirga-zirgar 'yan kasuwa. Wannan zai taimaka sosai wajen kasuwanci tsakanin Najeriya, Ghana, da Nijar. #ECOWAS #Ghana #Najeriya #Nijar

[Facebook Insights: 1178 Likes | 227 Comments | 99 Shares]",Facebook (DW Hausa) Admin,2026-07-16,Social Media (Facebook),"Facebook, ECOWAS, Ghana, Najeriya, Kasuwanci",Facebook (DW Hausa),https://www.facebook.com/story.php?story_fbid=4972852031&id=1000376,https://images.unsplash.com/photo-1454165804606-c3d57bc86b40?w=800&q=80,True
[Facebook Post] Taron Majalisar Dokokin Ghana (Parliament) a Accra (2026-07-15),"Tattaunawa mai zafi a majalisar dokokin Ghana Parliament da ke Accra kan kasafin kudi na fannin ilimi da lafiya. Muna rokon 'yan majalisa da su duba halin da talakawa ke ciki a shiyyoyin Volta da Ashanti. #Parliament #Accra #Ghana #Volta

[Facebook Insights: 686 Likes | 185 Comments | 78 Shares]",Facebook (VOA Hausa) Admin,2026-07-15,Social Media (Facebook),"Facebook, Parliament, Accra, Ghana, Volta",Facebook (VOA Hausa),https://www.facebook.com/story.php?story_fbid=1636844480&id=1000683,https://images.unsplash.com/photo-1526304640581-d334cdbbf45e?w=800&q=80,True
[Facebook Post] Tattaunawar Facebook (2026-07-14),"Hukumar rajistar 'yan kasa na ci gaba da ba da katin Ghana Card a cibiyar birnin Kumasi da kewayenta. Mutane da dama a unguwar Zongo sun bayyana farin cikinsu biyo bayan saurin samun takardar shaida. #GhanaCard #Kumasi #Ashanti #Ghana

[Facebook Insights: 992 Likes | 50 Comments | 89 Shares]",Facebook (Kumasi Hausa Community) Admin,2026-07-14,Social Media (Facebook),"Facebook, Ghana Card, Kumasi, Ashanti, Ghana",Facebook (Kumasi Hausa Community),https://www.facebook.com/story.php?story_fbid=2872035476&id=1000769,https://images.unsplash.com/photo-1523821741446-edb2b68bb7a0?w=800&q=80,True
[Facebook Post] Nasarar Black Stars a Tamale (2026-07-13),"Murna da farin ciki a Tamale! Masoya kwallon kafa a Arewacin Ghana sun cika filin wasa na Tamale domin ba wa tawagar Black Stars kwarin gwiwa. Albarka gare ku 'yan wasanmu! #BlackStars #Tamale #Ghana #Wasanni

[Facebook Insights: 984 Likes | 94 Comments | 15 Shares]",Facebook (Accra Zongo Media) Admin,2026-07-13,Social Media (Facebook),"Facebook, Black Stars, Tamale, Ghana, Wasanni",Facebook (Accra Zongo Media),https://www.facebook.com/story.php?story_fbid=1808978452&id=1000497,https://images.unsplash.com/photo-1508098682722-e99c43a406b2?w=800&q=80,True
[Facebook Post] Kasuwar Makola a Accra da Farashin Abinci (2026-07-12),"Farashin shinkafa da masara ya dan sauka a kasuwar Makola da ke Accra bayan 'yan kasuwa sun sami sabbin kayayyaki daga Northern Region. Muna fatan wannan sauki zai dore har zuwa karshen shekara. #Accra #Makola #Ghana #Kasuwanci

[Facebook Insights: 1014 Likes | 338 Comments | 18 Shares]",Facebook (Kumasi Hausa Community) Admin,2026-07-12,Social Media (Facebook),"Facebook, Accra, Northern Region, Ghana, Kasuwanci",Facebook (Kumasi Hausa Community),https://www.facebook.com/story.php?story_fbid=7843656316&id=1000417,https://images.unsplash.com/photo-1547471080-7cc2caa01a7e?w=800&q=80,True
[Facebook Post] Siyasar Ghana da Zaben Mai Zuwa (2026-07-21),"John Mahama ko Nana Akufo-Addo / NDC ko NPP? Shin wane tsarin siyasa kuke ganin zai fi taimakawa 'yan kasuwar Kumasi da Accra wajen sauƙaƙa haraji? Ku kasance tare da mu a shafin Facebook. #Ghana #Siyasa #Mahama #Accra

[Facebook Insights: 290 Likes | 171 Comments | 94 Shares]",Facebook (BBC Hausa) Admin,2026-07-21,Social Media (Facebook),"Facebook, Ghana, Mahama, Akufo-Addo, Siyasa",Facebook (BBC Hausa),https://www.facebook.com/story.php?story_fbid=2631378123&id=1000697,https://images.unsplash.com/photo-1540910419892-4a36d2c3266c?w=800&q=80,True
[Facebook Post] Wutar Lantarki ta ECG a Accra (2026-07-20),"Sannunku da yamma! Mutanen birnin Accra na korafi kan yadda kamfanin ECG ke yanke wutar lantarki a kasuwanni da unguwanni. Shin yaya abin yake a yankinku a yau? Ku rubuta mana ra'ayoyinku a kasa! #Ghana #Accra #ECG #Wuta

[Facebook Insights: 515 Likes | 221 Comments | 130 Shares]",Facebook (VOA Hausa) Admin,2026-07-20,Social Media (Facebook),"Facebook, Accra, ECG, Ghana, Wutar Lantarki",Facebook (VOA Hausa),https://www.facebook.com/story.php?story_fbid=8611183078&id=1000378,https://images.unsplash.com/photo-1473341304170-971dccb5ac1e?w=800&q=80,True
[Facebook Post] Wasannin Motsa Jiki na Matasa a Accra (2026-07-19),"Sama da matasa dari biyar sun halarci gasar tseren gudu a birnin Accra na Ghana. Nasara tana tare da masu juriya! #Accra #Wasanni #Ghana #Matasa

[Facebook Insights: 538 Likes | 174 Comments | 59 Shares]",Facebook (Accra Zongo Media) Admin,2026-07-19,Social Media (Facebook),"Facebook, Accra, Ghana, Wasanni",Facebook (Accra Zongo Media),https://www.facebook.com/story.php?story_fbid=3792166558&id=1000165,https://images.unsplash.com/photo-1461896836934-ffe607ba8211?w=800&q=80,True
[Facebook Post] Al'adu da Zaman Lafiya a Zongo Kumasi (2026-07-18),"Zaman lafiya da haɗin kai shi ne ginshikin ci gaban al'ummarmu. Shugabannin Hausawa a Kumasi sun kulla dangantaka mai kyau da mahukunta a Ashanti. Fatan alheri ga dukkan al'umma! #Kumasi #Zongo #Ashanti #Ghana

[Facebook Insights: 257 Likes | 19 Comments | 81 Shares]",Facebook (DW Hausa) Admin,2026-07-18,Social Media (Facebook),"Facebook, Kumasi, Ashanti, Ghana, Al'adu",Facebook (DW Hausa),https://www.facebook.com/story.php?story_fbid=1423630123&id=1000255,https://images.unsplash.com/photo-1511632765486-a01980e01a18?w=800&q=80,True
[Facebook Post] Wutar Lantarki ta ECG a Accra (2026-07-17),"Sannunku da yamma! Mutanen birnin Accra na korafi kan yadda kamfanin ECG ke yanke wutar lantarki a kasuwanni da unguwanni. Shin yaya abin yake a yankinku a yau? Ku rubuta mana ra'ayoyinku a kasa! #Ghana #Accra #ECG #Wuta

[Facebook Insights: 499 Likes | 226 Comments | 112 Shares]",Facebook (DW Hausa) Admin,2026-07-17,Social Media (Facebook),"Facebook, Accra, ECG, Ghana, Wutar Lantarki",Facebook (DW Hausa),https://www.facebook.com/story.php?story_fbid=9766218566&id=1000643,https://images.unsplash.com/photo-1473341304170-971dccb5ac1e?w=800&q=80,True
[Facebook Post] Al'adu da Zaman Lafiya a Zongo Kumasi (2026-07-16),"Zaman lafiya da haɗin kai shi ne ginshikin ci gaban al'ummarmu. Shugabannin Hausawa a Kumasi sun kulla dangantaka mai kyau da mahukunta a Ashanti. Fatan alheri ga dukkan al'umma! #Kumasi #Zongo #Ashanti #Ghana

[Facebook Insights: 883 Likes | 18 Comments | 41 Shares]",Facebook (Ghana Hausa Youth) Admin,2026-07-16,Social Media (Facebook),"Facebook, Kumasi, Ashanti, Ghana, Al'adu",Facebook (Ghana Hausa Youth),https://www.facebook.com/story.php?story_fbid=8578211916&id=1000415,https://images.unsplash.com/photo-1511632765486-a01980e01a18?w=800&q=80,True
[Facebook Post] Nasarar Black Stars a Tamale (2026-07-15),"Murna da farin ciki a Tamale! Masoya kwallon kafa a Arewacin Ghana sun cika filin wasa na Tamale domin ba wa tawagar Black Stars kwarin gwiwa. Albarka gare ku 'yan wasanmu! #BlackStars #Tamale #Ghana #Wasanni

[Facebook Insights: 1021 Likes | 318 Comments | 29 Shares]",Facebook (Kumasi Hausa Community) Admin,2026-07-15,Social Media (Facebook),"Facebook, Black Stars, Tamale, Ghana, Wasanni",Facebook (Kumasi Hausa Community),https://www.facebook.com/story.php?story_fbid=5688242126&id=1000149,https://images.unsplash.com/photo-1508098682722-e99c43a406b2?w=800&q=80,True
[Facebook Post] Kasuwar Makola a Accra da Farashin Abinci (2026-07-14),"Farashin shinkafa da masara ya dan sauka a kasuwar Makola da ke Accra bayan 'yan kasuwa sun sami sabbin kayayyaki daga Northern Region. Muna fatan wannan sauki zai dore har zuwa karshen shekara. #Accra #Makola #Ghana #Kasuwanci

[Facebook Insights: 167 Likes | 42 Comments | 32 Shares]",Facebook (VOA Hausa) Admin,2026-07-14,Social Media (Facebook),"Facebook, Accra, Northern Region, Ghana, Kasuwanci",Facebook (VOA Hausa),https://www.facebook.com/story.php?story_fbid=2422772235&id=1000110,https://images.unsplash.com/photo-1547471080-7cc2caa01a7e?w=800&q=80,True
[Facebook Post] Wasannin Motsa Jiki na Matasa a Accra (2026-07-13),"Sama da matasa dari biyar sun halarci gasar tseren gudu a birnin Accra na Ghana. Nasara tana tare da masu juriya! #Accra #Wasanni #Ghana #Matasa

[Facebook Insights: 929 Likes | 218 Comments | 51 Shares]",Facebook (Accra Zongo Media) Admin,2026-07-13,Social Media (Facebook),"Facebook, Accra, Ghana, Wasanni",Facebook (Accra Zongo Media),https://www.facebook.com/story.php?story_fbid=9238414028&id=1000145,https://images.unsplash.com/photo-1461896836934-ffe607ba8211?w=800&q=80,True
[Facebook Post] Taron Majalisar Dokokin Ghana (Parliament) a Accra (2026-07-12),"Tattaunawa mai zafi a majalisar dokokin Ghana Parliament da ke Accra kan kasafin kudi na fannin ilimi da lafiya. Muna rokon 'yan majalisa da su duba halin da talakawa ke ciki a shiyyoyin Volta da Ashanti. #Parliament #Accra #Ghana #Volta

[Facebook Insights: 1098 Likes | 200 Comments | 103 Shares]",Facebook (Ghana Hausa Youth) Admin,2026-07-12,Social Media (Facebook),"Facebook, Parliament, Accra, Ghana, Volta",Facebook (Ghana Hausa Youth),https://www.facebook.com/story.php?story_fbid=4169718072&id=1000915,https://images.unsplash.com/photo-1526304640581-d334cdbbf45e?w=800&q=80,True
[Facebook Post] Taron Majalisar Dokokin Ghana (Parliament) a Accra (2026-07-21),"Tattaunawa mai zafi a majalisar dokokin Ghana Parliament da ke Accra kan kasafin kudi na fannin ilimi da lafiya. Muna rokon 'yan majalisa da su duba halin da talakawa ke ciki a shiyyoyin Volta da Ashanti. #Parliament #Accra #Ghana #Volta

[Facebook Insights: 166 Likes | 257 Comments | 86 Shares]",Facebook (BBC Hausa) Admin,2026-07-21,Social Media (Facebook),"Facebook, Parliament, Accra, Ghana, Volta",Facebook (BBC Hausa),https://www.facebook.com/story.php?story_fbid=3823680645&id=1000830,https://images.unsplash.com/photo-1526304640581-d334cdbbf45e?w=800&q=80,True
[Facebook Post] Ayyukan Taimakawa Matasa a Takoradi da Cape Coast (2026-07-20),"Kungiyar matasan Takoradi sun gudanar da aikin tsaftace mahalli da duba lafiyar jama'a kyauta a garin Cape Coast. Muna murna da irin wannan yunkuri na kishi da son juna. #Takoradi #CapeCoast #Ghana #Matasa

[Facebook Insights: 882 Likes | 116 Comments | 71 Shares]",Facebook (Accra Zongo Media) Admin,2026-07-20,Social Media (Facebook),"Facebook, Takoradi, Cape Coast, Ghana, Lafiya",Facebook (Accra Zongo Media),https://www.facebook.com/story.php?story_fbid=4002083044&id=1000127,https://images.unsplash.com/photo-1586773860418-d37222d8fce3?w=800&q=80,True
[Facebook Post] Taron Majalisar Dokokin Ghana (Parliament) a Accra (2026-07-19),"Tattaunawa mai zafi a majalisar dokokin Ghana Parliament da ke Accra kan kasafin kudi na fannin ilimi da lafiya. Muna rokon 'yan majalisa da su duba halin da talakawa ke ciki a shiyyoyin Volta da Ashanti. #Parliament #Accra #Ghana #Volta

[Facebook Insights: 594 Likes | 350 Comments | 137 Shares]",Facebook (VOA Hausa) Admin,2026-07-19,Social Media (Facebook),"Facebook, Parliament, Accra, Ghana, Volta",Facebook (VOA Hausa),https://www.facebook.com/story.php?story_fbid=6898137217&id=1000570,https://images.unsplash.com/photo-1526304640581-d334cdbbf45e?w=800&q=80,True
[Facebook Post] Tattaunawar Facebook (2026-07-18),"Hukumar rajistar 'yan kasa na ci gaba da ba da katin Ghana Card a cibiyar birnin Kumasi da kewayenta. Mutane da dama a unguwar Zongo sun bayyana farin cikinsu biyo bayan saurin samun takardar shaida. #GhanaCard #Kumasi #Ashanti #Ghana

[Facebook Insights: 1017 Likes | 209 Comments | 71 Shares]",Facebook (Accra Zongo Media) Admin,2026-07-18,Social Media (Facebook),"Facebook, Ghana Card, Kumasi, Ashanti, Ghana",Facebook (Accra Zongo Media),https://www.facebook.com/story.php?story_fbid=8914244862&id=1000973,https://images.unsplash.com/photo-1523821741446-edb2b68bb7a0?w=800&q=80,True
[Facebook Post] Hada-Hadar Kasuwancin Afrika na ECOWAS (2026-07-17),"Kungiyar ECOWAS ta yi kira ga kasashen Yammacin Afrika da su sauƙaƙa zirga-zirgar 'yan kasuwa. Wannan zai taimaka sosai wajen kasuwanci tsakanin Najeriya, Ghana, da Nijar. #ECOWAS #Ghana #Najeriya #Nijar

[Facebook Insights: 119 Likes | 36 Comments | 5 Shares]",Facebook (Kumasi Hausa Community) Admin,2026-07-17,Social Media (Facebook),"Facebook, ECOWAS, Ghana, Najeriya, Kasuwanci",Facebook (Kumasi Hausa Community),https://www.facebook.com/story.php?story_fbid=8090355649&id=1000416,https://images.unsplash.com/photo-1454165804606-c3d57bc86b40?w=800&q=80,True
[Facebook Post] Wutar Lantarki ta ECG a Accra (2026-07-16),"Sannunku da yamma! Mutanen birnin Accra na korafi kan yadda kamfanin ECG ke yanke wutar lantarki a kasuwanni da unguwanni. Shin yaya abin yake a yankinku a yau? Ku rubuta mana ra'ayoyinku a kasa! #Ghana #Accra #ECG #Wuta

[Facebook Insights: 103 Likes | 224 Comments | 62 Shares]",Facebook (VOA Hausa) Admin,2026-07-16,Social Media (Facebook),"Facebook, Accra, ECG, Ghana, Wutar Lantarki",Facebook (VOA Hausa),https://www.facebook.com/story.php?story_fbid=6769560843&id=1000841,https://images.unsplash.com/photo-1473341304170-971dccb5ac1e?w=800&q=80,True
[Facebook Post] Wutar Lantarki ta ECG a Accra (2026-07-15),"Sannunku da yamma! Mutanen birnin Accra na korafi kan yadda kamfanin ECG ke yanke wutar lantarki a kasuwanni da unguwanni. Shin yaya abin yake a yankinku a yau? Ku rubuta mana ra'ayoyinku a kasa! #Ghana #Accra #ECG #Wuta

[Facebook Insights: 537 Likes | 58 Comments | 132 Shares]",Facebook (VOA Hausa) Admin,2026-07-15,Social Media (Facebook),"Facebook, Accra, ECG, Ghana, Wutar Lantarki",Facebook (VOA Hausa),https://www.facebook.com/story.php?story_fbid=1027739717&id=1000338,https://images.unsplash.com/photo-1473341304170-971dccb5ac1e?w=800&q=80,True
[Facebook Post] Wutar Lantarki ta ECG a Accra (2026-07-14),"Sannunku da yamma! Mutanen birnin Accra na korafi kan yadda kamfanin ECG ke yanke wutar lantarki a kasuwanni da unguwanni. Shin yaya abin yake a yankinku a yau? Ku rubuta mana ra'ayoyinku a kasa! #Ghana #Accra #ECG #Wuta

[Facebook Insights: 417 Likes | 170 Comments | 93 Shares]",Facebook (Ghana Hausa Youth) Admin,2026-07-14,Social Media (Facebook),"Facebook, Accra, ECG, Ghana, Wutar Lantarki",Facebook (Ghana Hausa Youth),https://www.facebook.com/story.php?story_fbid=5257051206&id=1000789,https://images.unsplash.com/photo-1473341304170-971dccb5ac1e?w=800&q=80,True
[Facebook Post] Taron Majalisar Dokokin Ghana (Parliament) a Accra (2026-07-13),"Tattaunawa mai zafi a majalisar dokokin Ghana Parliament da ke Accra kan kasafin kudi na fannin ilimi da lafiya. Muna rokon 'yan majalisa da su duba halin da talakawa ke ciki a shiyyoyin Volta da Ashanti. #Parliament #Accra #Ghana #Volta

[Facebook Insights: 1155 Likes | 285 Comments | 19 Shares]",Facebook (DW Hausa) Admin,2026-07-13,Social Media (Facebook),"Facebook, Parliament, Accra, Ghana, Volta",Facebook (DW Hausa),https://www.facebook.com/story.php?story_fbid=5612098274&id=1000538,https://images.unsplash.com/photo-1526304640581-d334cdbbf45e?w=800&q=80,True
[Facebook Post] Hada-Hadar Kasuwancin Afrika na ECOWAS (2026-07-12),"Kungiyar ECOWAS ta yi kira ga kasashen Yammacin Afrika da su sauƙaƙa zirga-zirgar 'yan kasuwa. Wannan zai taimaka sosai wajen kasuwanci tsakanin Najeriya, Ghana, da Nijar. #ECOWAS #Ghana #Najeriya #Nijar

[Facebook Insights: 980 Likes | 271 Comments | 21 Shares]",Facebook (DW Hausa) Admin,2026-07-12,Social Media (Facebook),"Facebook, ECOWAS, Ghana, Najeriya, Kasuwanci",Facebook (DW Hausa),https://www.facebook.com/story.php?story_fbid=4877030829&id=1000938,https://images.unsplash.com/photo-1454165804606-c3d57bc86b40?w=800&q=80,True
[Facebook Post] Tattaunawar Facebook (2026-07-21),"Hukumar rajistar 'yan kasa na ci gaba da ba da katin Ghana Card a cibiyar birnin Kumasi da kewayenta. Mutane da dama a unguwar Zongo sun bayyana farin cikinsu biyo bayan saurin samun takardar shaida. #GhanaCard #Kumasi #Ashanti #Ghana

[Facebook Insights: 447 Likes | 66 Comments | 111 Shares]",Facebook (Accra Zongo Media) Admin,2026-07-21,Social Media (Facebook),"Facebook, Ghana Card, Kumasi, Ashanti, Ghana",Facebook (Accra Zongo Media),https://www.facebook.com/story.php?story_fbid=9861525440&id=1000157,https://images.unsplash.com/photo-1523821741446-edb2b68bb7a0?w=800&q=80,True
[Facebook Post] Al'adu da Zaman Lafiya a Zongo Kumasi (2026-07-20),"Zaman lafiya da haɗin kai shi ne ginshikin ci gaban al'ummarmu. Shugabannin Hausawa a Kumasi sun kulla dangantaka mai kyau da mahukunta a Ashanti. Fatan alheri ga dukkan al'umma! #Kumasi #Zongo #Ashanti #Ghana

[Facebook Insights: 1037 Likes | 75 Comments | 35 Shares]",Facebook (Ghana Hausa Youth) Admin,2026-07-20,Social Media (Facebook),"Facebook, Kumasi, Ashanti, Ghana, Al'adu",Facebook (Ghana Hausa Youth),https://www.facebook.com/story.php?story_fbid=8484689138&id=1000328,https://images.unsplash.com/photo-1511632765486-a01980e01a18?w=800&q=80,True
[Facebook Post] Tattaunawar Facebook (2026-07-19),"Hukumar rajistar 'yan kasa na ci gaba da ba da katin Ghana Card a cibiyar birnin Kumasi da kewayenta. Mutane da dama a unguwar Zongo sun bayyana farin cikinsu biyo bayan saurin samun takardar shaida. #GhanaCard #Kumasi #Ashanti #Ghana

[Facebook Insights: 946 Likes | 155 Comments | 46 Shares]",Facebook (VOA Hausa) Admin,2026-07-19,Social Media (Facebook),"Facebook, Ghana Card, Kumasi, Ashanti, Ghana",Facebook (VOA Hausa),https://www.facebook.com/story.php?story_fbid=7956818016&id=1000663,https://images.unsplash.com/photo-1523821741446-edb2b68bb7a0?w=800&q=80,True
[Facebook Post] Wasannin Motsa Jiki na Matasa a Accra (2026-07-18),"Sama da matasa dari biyar sun halarci gasar tseren gudu a birnin Accra na Ghana. Nasara tana tare da masu juriya! #Accra #Wasanni #Ghana #Matasa

[Facebook Insights: 1140 Likes | 105 Comments | 121 Shares]",Facebook (DW Hausa) Admin,2026-07-18,Social Media (Facebook),"Facebook, Accra, Ghana, Wasanni",Facebook (DW Hausa),https://www.facebook.com/story.php?story_fbid=9965735145&id=1000260,https://images.unsplash.com/photo-1461896836934-ffe607ba8211?w=800&q=80,True
[Facebook Post] Wutar Lantarki ta ECG a Accra (2026-07-17),"Sannunku da yamma! Mutanen birnin Accra na korafi kan yadda kamfanin ECG ke yanke wutar lantarki a kasuwanni da unguwanni. Shin yaya abin yake a yankinku a yau? Ku rubuta mana ra'ayoyinku a kasa! #Ghana #Accra #ECG #Wuta

[Facebook Insights: 521 Likes | 221 Comments | 57 Shares]",Facebook (VOA Hausa) Admin,2026-07-17,Social Media (Facebook),"Facebook, Accra, ECG, Ghana, Wutar Lantarki",Facebook (VOA Hausa),https://www.facebook.com/story.php?story_fbid=4075710302&id=1000528,https://images.unsplash.com/photo-1473341304170-971dccb5ac1e?w=800&q=80,True
